Chromosome,Start,End,Gene,fdM,Sin.Dxy,Fas.Dxy,Arc.dN.dS,Sin.dN.dS,Fas.dN.dS,Sin.Fas,Arc.Sin,Arc.Fas,Extension,ChiSquare,GC,Recombination,Pairing,Function,Type
chr1,39108224,39159831,TRIT1,-0.137,0.1854,0.2331,0.225635,0.0001,NA,0.15,0.75,0.1,+,7,0.178193,0.252526718,1,MISC,N-mt
chr1,45919328,45930901,UQCRH,-0.2511,0.0971,0.2252,NA,NA,NA,0,1,0,-,0.6,0.107492,0.257092105,2,ETS,N-mt
chr1,52284042,52296888,COA7,0.1289,0.1953,0.1314,0.0001,NA,NA,0.356481,0.087963,0.555556,NA,NA,0.150008,0.684086957,3,ETS,N-mt
chr1,53878813,53905161,MRPL37,-0.1223,0.1325,0.1953,NA,NA,0.394541,0.0666667,0.866667,0.0666667,-,3.5,0.261386,0.090392857,4,MRP,N-mt
chr1,54430118,54438006,PARS2,-0.031,0.1864,0.2312,NA,NA,NA,0.166667,0.833333,0,+,4.4,0.246577,0.499769231,5,MTS,N-mt
chr1,120195321,120320968,WARS2,-0.0966,0.1333,0.1549,NA,NA,NA,0.191721,0.734069,0.0742102,-,0.66,0.160378,0.294690476,6,MTS,N-mt
chr1,124863882,124884429,TARS2,-0.1871,0.1583,0.3238,0.845954,NA,0.0297388,0,1,0,+,4.66,0.23619,0.050227273,7,MTS,N-mt
chr1,126283314,126287673,MRPL9,-0.0696,0.1691,0.1474,0.0001,NA,NA,0.333333,0.5,0.166667,-,2.32,0.402615,0.025,8,MRP,N-mt
chr1,131366192,131370463,MRPL24,-0.3258,0.1062,0.348,0.4251,NA,NA,0,0.916667,0.0833333,-,0.98,0.34184,0.640642857,9,MRP,N-mt
chr1,135929058,135942931,NDUFS2,-0.1992,0.1599,0.1838,NA,NA,0.0001,0.375,0.458333,0.166667,-,1.12,0.251063,0.454770492,10,ETS,N-mt
chr1,136046028,136089458,SDHC,-0.1578,0.1917,0.2773,NA,NA,NA,0.270833,0.583333,0.145833,-,0.868,0.14292,0.082638298,11,ETS,N-mt
chr1,139106659,139109297,MRPL55,-0.5223,0.1645,0.3453,NA,NA,NA,0,1,0,NA,NA,0.473086,0.155,12,MRP,N-mt
chr1,146209907,146282061,IARS2,-0.1081,0.1381,0.1694,0.1113,NA,NA,0.097608,0.633873,0.268519,+,6.48,0.144025,0.537223377,13,MTS,N-mt
chr1,192522165,192531263,MRPS14,-0.271,0.2059,0.3117,NA,NA,NA,0,1,0,NA,NA,0.137723,0.113583333,14,MRP,N-mt
chr1,193709656,193749723,DARS2,0.1697,0.1846,0.1052,NA,NA,NA,0,0.03125,0.96875,-,0.22,0.141538,0.525991189,15,MTS,N-mt
chr1,210645235,210655897,COA6,-0.0065,0.1349,0.1939,NA,NA,NA,0.277778,0.305556,0.416667,NA,NA,0.211311,0.305680851,16,ETS,N-mt
chr1,221345671,221354385,COX20,-0.0041,0.209,0.2121,NA,NA,NA,0.518519,0.185185,0.296296,-,0.782,0.303764,0.22225,17,ETS,N-mt
chr1,223117697,223147058,TFB2M,0.0089,0.2173,0.1362,NA,NA,NA,0.55,0.4,0.05,+,7.7,0.169817,0.842125683,18,MISC,N-mt
chr2,22525916,22530462,TRMT10C,0,0.2115,0.1496,NA,NA,NA,0,1,0,-,0.34,0.279146,0.072470588,19,MISC,N-mt
chr2,40659504,40727637,TIMMDC1,-0.0878,0.1499,0.1615,NA,NA,NA,0.148148,0.451389,0.400463,-,0.34,0.16616,0.303722689,20,ETS,N-mt
chr2,40841219,40843404,COX17,0.1093,0.1938,0.1606,NA,NA,NA,0,0,1,-,0.954,0.318078,0.2814,21,ETS,N-mt
chr2,41781279,41787193,NDUFB4,0.1596,0.2505,0.136,NA,NA,0.527716,0.0416667,0.333333,0.625,-,0.176,0.223876,0.001,NA,ETS,N-mt
chr2,49983415,50013422,ACAD9,-0.1159,0.1354,0.1728,NA,0.1839,NA,0.112103,0.622024,0.265873,NA,NA,0.296697,0.243531915,22,ETS,N-mt
chr2,51334868,51347731,MRPS25,-0.144,0.1533,0.2005,NA,NA,NA,0,1,0,NA,NA,0.245044,0.344,23,MRP,N-mt
chr2,63420947,63444362,TRNT1,-0.4293,0.0687,0.1602,0.0001,NA,0.0001,0.0263889,0.900694,0.0729167,-,2.32,0.153619,0.132064815,24,MISC,N-mt
chr2,93356124,93357764,NDUFAF3,-0.2154,0.3674,0.3984,NA,NA,NA,0,1,0,-,0.32,0.637195,0.002,NA,ETS,N-mt
chr2,93840752,93854737,UQCRC1,-0.1885,0.1425,0.226,NA,NA,NA,0,1,0,+,5.9,0.418377,0.1765,25,ETS,N-mt
chr2,97018004,97179881,LARS2,-0.064,0.1617,0.1976,NA,NA,NA,0.211208,0.631795,0.156997,-,3.2,0.247991,0.336716267,26,MTS,N-mt
chr2,113626421,113644795,NDUFB5,-0.5675,0.0947,0.2275,NA,NA,NA,0.0555556,0.888889,0.0555556,-,1.72,0.157668,0.15729771,27,ETS,N-mt
chr2,113644986,113660726,MRPL47,-0.5259,0.0826,0.2026,NA,NA,NA,0,1,0,-,0.04,0.19784,0.500222222,28,MRP,N-mt
chr2,148717274,148719056,MARS2,NA,0.0385,0.0897,NA,NA,NA,0,0.833333,0.166667,-,1.68,0.568462,0.015,29,MTS,N-mt
chr2,162589201,162602241,MRPS22,0.2071,0.2644,0.1095,NA,NA,NA,0.0833333,0.0416667,0.875,,,0.305215,0.004409091,NA,MRP,N-mt
chr2,170449359,170490714,MRPL3,-0.0652,0.165,0.2038,NA,NA,NA,0.222222,0.444444,0.333333,-,1.06,0.224664,0.131598291,30,MRP,N-mt
chr3,3794670,3809681,NDUFV3,0.083,0.1461,0.1174,0.782906,NA,0.784519,0.0295139,0.414931,0.555556,NA,NA,0.218506,1.58425,NA,ETS,N-mt
chr3,12562789,12580750,MRPS6,-0.2289,0.0749,0.2291,NA,NA,NA,0,0.933333,0.0666667,NA,NA,0.295195,0.140054546,31,MRP,N-mt
chr3,21381598,21480851,MRPL39,-0.2074,0.1276,0.1895,NA,NA,NA,0.0367063,0.71875,0.244544,-,0.14,0.181345,0.25698941,32,MRP,N-mt
chr3,55311555,55385676,MRPS17,-0.1394,0.1749,0.1936,0.642276,NA,0.0001,0.138889,0.666667,0.194444,NA,NA,0.128169,0.281402672,33,MRP,N-mt
chr3,64876741,65071270,COA1,-0.0284,0.1593,0.1642,NA,NA,NA,0.119213,0.579861,0.300926,-,2.12,0.141079,0.248018081,34,ETS,N-mt
chr3,122554349,122630972,SDHAF3,0.0466,0.1859,0.1785,1.00E-04,NA,0.208622,0.391059,0.266059,0.342882,NA,NA,0.101158,0.285516187,35,ETS,N-mt
chr3,149577450,149593766,NDUFA5,-0.3064,0.1081,0.1621,0.0001,NA,NA,0.226852,0.439815,0.333333,-,0.744,0.161927,0.275012579,36,ETS,N-mt
chr3,167102161,167110909,NDUFB2,-0.2851,0.1046,0.3559,NA,NA,NA,0,1,0,NA,NA,0.212048,0.264538462,37,ETS,N-mt
chr3,167394514,167404933,MRPS33,-0.2265,0.1085,0.1774,0.0001,NA,NA,0,0.916667,0.0833333,NA,NA,0.247529,1.223446154,38,MRP,N-mt
chr4,5328204,5846430,FARS2,-0.1436,0.1597,0.1749,NA,0.430008,NA,0.235857,0.543144,0.220999,-,0.84,0.241885,0.72012387,39,MTS,N-mt
chr4,31316704,31324501,MRPS18B,-0.6903,0.0906,0.1834,NA,NA,NA,0.0190972,0.927083,0.0538194,NA,NA,0.262024,0.350235955,40,MRP,N-mt
chr4,44070354,44075643,MRPL2,-0.2609,0.1741,0.1807,0.0001,0.0001,NA,0,0.666667,0.333333,-,0.64,0.341085,0.1787,41,MRP,N-mt
chr4,44740358,44757386,MRPS18A,-0.1761,0.1344,0.1944,0.0001,NA,NA,0,1,0,NA,NA,0.374207,0.152081633,42,MRP,N-mt
chr4,45424076,45439645,AARS2,0.0763,0.1615,0.1633,NA,0.0001,NA,0.274306,0.225694,0.5,+,15.54,0.416212,0.22753913,43,MTS,N-mt
chr4,68670641,68693288,SDHAF4,0.0531,0.2296,0.2447,NA,NA,NA,0.0416667,0.395833,0.5625,-,1.69,0.129509,0.640032787,44,ETS,N-mt
chr4,71478679,71514889,MTO1,0.1221,0.2414,0.1457,0.433744,0.298887,NA,0.0833333,0.305556,0.611111,-,1.16,0.112483,0.225491979,45,MISC,N-mt
chr4,85553031,85702532,RARS2,-0.3893,0.0857,0.2494,NA,NA,NA,0.0175439,0.929825,0.0526316,-,0.16,0.174875,0.173324219,46,MTS,N-mt
chr4,95351985,95358730,NDUFAF4,-0.3673,0.0983,0.2302,NA,NA,NA,0.0520833,0.854167,0.09375,-,0.066,0.20593,0.417942857,47,ETS,N-mt
chr4,110768667,110823228,TFB1M,-0.4085,0.1214,0.2375,NA,NA,NA,0.0351562,0.886719,0.078125,-,1.82,0.254431,0.31573487,48,MISC,N-mt
chr5,50857653,50862797,MRPS18C,-0.0162,0.1546,0.1402,NA,NA,NA,0.186343,0.451389,0.362269,NA,NA,0.248056,0.081304348,49,MRP,N-mt
chr5,61580141,61594013,COX18,-0.4567,0.0976,0.2452,NA,NA,NA,0,1,0,NA,NA,0.228446,0.08262069,50,ETS,N-mt
chr6,191405,227380,SDHA,-0.2574,0.2118,0.2512,NA,NA,NA,0.35841,0.424344,0.217245,NA,NA,0.313634,0.577419355,51,ETS,N-mt
chr6,1616383,1617907,MRPL36,-0.3529,0.1855,0.2527,NA,NA,NA,0,1,0,-,0.92,0.596457,0.072,52,MRP,N-mt
chr6,1619282,1635509,NDUFS6,-0.0489,0.1952,0.2194,NA,NA,NA,0.325617,0.555556,0.118827,-,0.71,0.323843,0.072,53,ETS,N-mt
chr6,45777595,45785013,MRPS30,0.0777,0.2119,0.1679,NA,NA,NA,0.194444,0.236111,0.569444,NA,NA,0.298868,0.163764706,54,MRP,N-mt
chr6,54480216,54596256,NDUFS4,-0.1855,0.1547,0.2257,NA,NA,NA,0.0769231,0.846154,0.0769231,NA,NA,0.143959,0.066541353,55,ETS,N-mt
chr6,58849325,59047547,NDUFAF2,-0.3449,0.1085,0.2276,0.0001,NA,NA,0.0277778,0.95,0.0222222,NA,NA,0.123871,0.145172249,56,ETS,N-mt
chr6,67359757,67373227,MRPS36,-0.3735,0.1209,0.2914,NA,NA,NA,0,1,0,NA,NA,0.151299,0.2827625,57,MRP,N-mt
chr6,68716851,68827211,MRPS27,-0.2273,0.1447,0.1684,NA,NA,NA,0.0986427,0.772254,0.129104,+,12.16,0.215196,0.16560708,58,MRP,N-mt
chr6,68827127,68867837,PTCD2,-0.1832,0.1284,0.1945,NA,NA,NA,0.213542,0.462384,0.324074,NA,NA,0.209211,0.178589595,59,ETS,N-mt
chr6,138457398,138465593,HARS2,-0.2866,0.1208,0.2114,NA,NA,0.307867,0,1,0,-,1,0.353996,0.047863636,60,MTS,N-mt
chr6,153048197,153073439,MRPL22,-0.2752,0.1483,0.3165,0.161133,NA,NA,0.134259,0.789352,0.0763889,NA,NA,0.193408,0.388767677,61,MRP,N-mt
chr7,17748636,17763069,NDUFAF1,-0.3907,0.1162,0.2805,0.0001,NA,NA,0,1,0,NA,NA,0.120903,0.073628571,62,ETS,N-mt
chr7,52150443,52170975,COX5A,-0.1131,0.1998,0.2758,NA,NA,NA,0.166667,0.833333,0,-,0.674,0.157851,0.260326531,63,ETS,N-mt
chr7,66473652,66481505,MRPL46,0.0207,0.172,0.1604,0.0796665,NA,NA,0.364583,0.427083,0.208333,-,2.92,0.262829,0.204181818,64,MRP,N-mt
chr7,66481737,66492356,MRPS11,0.0038,0.1227,0.124,NA,NA,NA,0.0729167,0.810185,0.116898,NA,NA,0.225162,0.211078431,65,MRP,N-mt
chr7,84092395,84098240,OXA1L,-0.223,0.1099,0.1733,NA,NA,0.369076,0.138889,0.791667,0.0694444,NA,NA,0.372968,1.724464286,66,ETS,N-mt
chr7,84157657,84162208,MRPL52,-0.5732,0.1228,0.1895,NA,NA,NA,0,0.958333,0.0416667,NA,NA,0.266755,0.535875,67,MRP,N-mt
chr7,92985577,93315616,NUBPL,-0.005,0.1612,0.1657,0.0001,NA,NA,0.207369,0.421451,0.371181,NA,NA,0.123228,0.214327526,68,ETS,N-mt
chr7,122960061,122965880,TRMT5,-0.0985,0.1206,0.2278,NA,NA,NA,0,1,0,-,0.16,0.334765,0.002,NA,MISC,N-mt
chr7,154319789,154325737,NDUFB1,-0.0602,0.1551,0.1845,NA,NA,NA,0.597222,0.319444,0.0833333,NA,NA,0.202085,0.081285714,NA,ETS,N-mt
chr8,52035193,52047919,MRPL15,0.1611,0.1558,0.171,NA,0.0001,NA,0,0.5,0.5,-,1.76,0.193777,0.079090909,NA,MRP,N-mt
chr8,72222190,72231864,TMEM70,-0.2497,0.1284,0.1571,NA,NA,NA,0.0277778,0.743056,0.229167,NA,NA,0.241679,0.142734694,69,ETS,N-mt
chr8,93562414,93642069,NDUFAF6,-0.0681,0.1596,0.1889,NA,NA,NA,0.204475,0.610725,0.184799,-,0.43,0.191237,0.277348774,70,ETS,N-mt
chr8,94885039,94890201,UQCRB,0.0243,0.1642,0.1441,NA,NA,NA,0.555556,0.138889,0.305556,-,0.514,0.265014,0.187473684,NA,ETS,N-mt
chr8,98597807,98613430,COX6C,-0.3478,0.1099,0.303,NA,NA,NA,0,1,0,-,1.414,0.116495,0.022875,NA,ETS,N-mt
chr8,119604001,119653590,MRPL13,-0.0113,0.1811,0.1702,NA,NA,NA,0.414062,0.40842,0.177517,-,1.12,0.151445,0.161951852,71,MRP,N-mt
chr8,123736039,123764293,NDUFB9,-0.1468,0.1384,0.1681,NA,NA,NA,0.241512,0.618763,0.139725,NA,NA,0.321229,1.066364238,72,ETS,N-mt
chr8,143332425,143335393,CYC1,-0.2681,0.1502,0.2333,NA,NA,0.0001,0.0416667,0.958333,0,+,5.08,0.605121,0.516590909,73,ETS,N-mt
chr9,59062520,59065404,MRPS16,0,0.1493,0.2023,NA,NA,NA,0,1,0,NA,NA,0.333911,0.001333333,NA,MRP,N-mt
chr9,74395373,74406458,TFAM,-0.1045,0.1143,0.1308,NA,NA,NA,0.197917,0.5625,0.239583,NA,NA,0.248444,0.310318182,74,MISC,N-mt
chr9,95299851,95322236,COX15,-0.1621,0.1667,0.1789,0.00834475,NA,NA,0.0347222,0.951389,0.0138889,NA,NA,0.182131,0.206876923,75,ETS,N-mt
chr9,96104258,96109894,NDUFB8,-0.5899,0.1174,0.2887,NA,NA,NA,0,0.888889,0.111111,-,2.824,0.317956,0.001090909,NA,ETS,N-mt
chr10,28715110,28828683,UQCC1,-0.2718,0.1438,0.2254,NA,NA,NA,0.00868056,0.989583,0.00173611,NA,NA,0.189121,0.12011222,76,ETS,N-mt
chr10,30797266,30836329,CDK5RAP1,-0.052,0.1682,0.1523,NA,NA,NA,0.194444,0.769097,0.0364583,NA,NA,0.140465,0.264448276,77,MISC,N-mt
chr10,46820562,46856508,NDUFAF5,-0.1488,0.1702,0.2423,0.416333,NA,0.0001,0.047619,0.952381,0,NA,NA,0.19827,0.114285714,78,ETS,N-mt
chr10,88533386,88557056,TRMU,-0.0418,0.1811,0.1807,NA,NA,0.0001,0.289931,0.40625,0.303819,-,0.62,0.386101,1.43118239,79,MISC,N-mt
chr11,4812892,4851544,NDUFA9,0.0007,0.1893,0.1878,NA,NA,NA,0.51331,0.208912,0.277778,NA,NA,0.152075,0.211754491,80,ETS,N-mt
chr11,6731013,6732283,MRPL51,-0.7139,0.0815,0.1475,NA,NA,NA,0,0.927083,0.0729167,NA,NA,0.438583,0.003916667,81,MRP,N-mt
chr11,28713051,28759613,MRPS35,-0.0654,0.1548,0.1695,NA,NA,NA,0.0436508,0.581349,0.375,NA,NA,0.178901,0.544720833,82,MRP,N-mt
chr11,33830215,33841437,YARS2,-0.0187,0.2782,0.2901,0.0001,NA,0.0001,0.638889,0.305556,0.0555556,-,0.78,0.199964,0.906351351,83,MTS,N-mt
chr11,48396129,48404957,COX14,-0.0986,0.1219,0.1761,NA,NA,NA,0.104167,0.479167,0.416667,NA,NA,0.228138,0.096483871,84,ETS,N-mt
chr11,93225479,93258753,MRPL42,-0.0211,0.1856,0.1458,NA,NA,,0.190201,0.558642,0.251157,-,0.172,0.108373,0.254742105,85,MRP,N-mt
chr11,94779888,94827059,NDUFA12,-0.2926,0.1401,0.2398,NA,NA,0.226366,0,0.975,0.025,-,3.506,0.118844,0.495751969,86,ETS,N-mt
chr11,132370548,132387790,PUS1,0.0512,0.2078,0.1524,NA,0.130888,0.0001,0.0462963,0.564815,0.388889,-,1.38,0.196497,0.182865672,87,MISC,N-mt
chr12,87872714,87907979,NDUFS1,-0.1366,0.1818,0.2272,NA,NA,NA,0.0277778,0.972222,0,NA,NA,0.176237,0.117622222,88,ETS,N-mt
chr12,88539862,88563623,FASTKD2,-0.0665,0.1668,0.2289,0.46506,NA,NA,0.241667,0.458333,0.3,NA,NA,0.201759,0.640707317,89,ETS,N-mt
chr12,100783168,100785634,BCS1L,-0.2014,0.1135,0.2762,0.0001,NA,0.0001,0,1,0,-,3.44,0.532847,0.186636364,90,ETS,N-mt
chr12,106229218,106243908,MRPL44,-0.0686,0.1711,0.1648,NA,NA,NA,0.380556,0.248611,0.370833,-,1.62,0.24064,0.294913044,91,MRP,N-mt
chr12,122709972,122776498,NDUFA10,0.0223,0.133,0.1336,NA,NA,NA,0.288139,0.3028,0.409061,+,11.76,0.310465,1.614724638,NA,ETS,N-mt
chr13,19507184,19507664,SDHD,NA,0.1456,0.5351,NA,NA,NA,0.0920139,0.423611,0.484375,+,17.22,0.54375,0.219,92,ETS,N-mt
chr13,28058128,28067904,MRPL33,-0.163,0.1222,0.2726,NA,NA,NA,0,0.777778,0.222222,NA,NA,0.24243,0.112575758,93,MRP,N-mt
chr13,29157339,29181850,TRMT61B,-0.1836,0.1366,0.1794,0.0001,NA,NA,0.0590278,0.902778,0.0381944,NA,NA,0.154869,0.284237762,94,MISC,N-mt
chr13,37701062,37717130,NDUFAF7,0.0041,0.1429,0.1299,0.0001,NA,NA,0,0.3125,0.6875,NA,NA,0.251307,0.33413,95,ETS,N-mt
chr13,44601363,44718837,LRPPRC,-0.1563,0.1586,0.2233,NA,NA,0.590793,0.1407,0.760266,0.0990338,NA,NA,0.229787,0.12511579,96,ETS,N-mt
chr13,56616653,56675548,PNPT1,-0.1945,0.2019,0.1939,NA,0.0001,0.0001,0,1,0,-,0.02,0.15042,0.184707447,97,MISC,N-mt
chr13,62916315,62916507,COX7C,-0.1338,0.221,0.2601,NA,NA,NA,0,0,1,NA,NA,0.453125,0.001,98,ETS,N-mt
chr13,76737917,76776660,MRPL19,0.1106,0.2138,0.1251,NA,NA,NA,0.139275,0.272762,0.587963,-,1,0.141367,0.538167683,99,MRP,N-mt
chr13,87962054,87977204,MRPL35,-0.3794,0.1092,0.2434,NA,NA,NA,0.0833333,0.916667,0,-,1.328,0.184818,0.517951049,100,MRP,N-mt
chr13,93808072,93815277,COA5,-0.084,0.2275,0.1759,NA,NA,NA,0.0821759,0.451003,0.466821,NA,NA,0.271478,0.504549296,101,ETS,N-mt
chr13,100487440,100543337,MRPS9,-0.0533,0.1476,0.1426,NA,NA,NA,0.15094,0.624592,0.224469,NA,NA,0.257241,0.38458427,102,MRP,N-mt
chr14,1785211,1799564,MRPL23,-0.2501,0.116,0.2335,NA,0.3374,NA,0.119792,0.786458,0.09375,NA,NA,0.577092,1.289,103,MRP,N-mt
chr14,5693145,5704867,MRPL21,-0.1429,0.1791,0.218,0.0001,NA,NA,0.315972,0.555556,0.128472,NA,NA,0.293892,4.172283582,104,MRP,N-mt
chr14,6605997,6612327,NDUFS8,-0.1831,0.2203,0.2355,NA,NA,NA,0,1,0,NA,NA,0.307899,0.337566038,105,ETS,N-mt
chr14,6759296,6768955,NDUFV1,-0.2576,0.1627,0.2519,0.0001,NA,0.0001,0.0291667,0.970833,0,NA,NA,0.513407,0.594377049,106,ETS,N-mt
chr14,7992380,7995965,MRPL11,0,0.1073,0.1403,NA,NA,NA,0.222222,0.5,0.277778,-,0.38,0.441004,0.003,107,MRP,N-mt
chr14,9307097,9312617,MRPL49,-0.1755,0.0631,0.2074,0.419,NA,NA,0,1,0,-,0.422,0.26558,0.848060606,108,MRP,N-mt
chr14,11635412,11636031,UQCC3,-0.1855,0.2556,0.3369,NA,NA,NA,0,1,0,-,1.046,0.652666,0.254,NA,ETS,N-mt
chr14,12995296,13047714,SDHAF2,-0.2015,0.1279,0.2448,NA,NA,NA,0.277778,0.708333,0.0138889,-,0.086,0.139971,0.600846154,109,ETS,N-mt
chr14,14323864,14328470,MRPL16,-0.1108,0.1785,0.1929,NA,NA,NA,0.280093,0.667824,0.0520833,-,1.08,0.285714,0.427666667,110,MRP,N-mt
chr14,18423889,18431294,NDUFS3,-0.2997,0.1149,0.2336,NA,NA,NA,0,1,0,-,1.48,0.313572,0.251217391,111,ETS,N-mt
chr14,60098456,60101492,MRPL17,0.3192,0.1389,0.0757,NA,NA,NA,0.0416667,0.09375,0.864583,-,0.952,0.481225,0.001,NA,MRP,N-mt
chr14,65805957,65891941,MRPL48,-0.1956,0.1424,0.2249,NA,NA,NA,0,1,0,NA,NA,0.112126,0.20834626,112,MRP,N-mt
chr14,70218573,70291048,NDUFC2,-0.0858,0.2088,0.2135,1.00E-04,NA,NA,0.350198,0.470238,0.179563,-,1.5,0.160124,0.351310263,113,ETS,N-mt
chr14,70639328,70780864,NARS2,-0.2752,0.1264,0.2221,NA,NA,NA,0.0769231,0.923077,0,-,0.14,0.129154,0.198707129,114,MTS,N-mt
chr14,78212308,78219056,TMEM126B,-0.321,0.1942,0.3253,NA,NA,0.633079,0.0381944,0.833333,0.128472,NA,NA,0.204653,0.001,NA,ETS,N-mt
chr14,119096455,119109538,FOXRED1,-0.1073,0.142,0.1357,NA,NA,NA,0.163194,0.490451,0.346354,NA,NA,0.33876,0.985326087,115,ETS,N-mt
chr15,678057,678758,MRPL41,NA,NA,NA,NA,NA,,0,1,0,-,1.792,0.657632,0.288,116,MRP,N-mt
chr15,2843216,2846340,MRPS2,-0.058,0.1962,0.2155,NA,0.290476,0.0001,0.037037,0.611111,0.351852,NA,NA,0.556658,1.495066667,117,MRP,N-mt
chr15,5016296,5021737,SURF1,-0.0575,0.1643,0.1572,NA,NA,0.0001,0.0642361,0.564236,0.371528,NA,NA,0.38945,0.560543478,118,ETS,N-mt
chr15,17110880,17129751,NDUFA8,-0.1748,0.1591,0.1797,NA,NA,NA,0.0416667,0.652778,0.305556,NA,NA,0.204335,0.176253731,119,ETS,N-mt
chr15,51380270,51401286,NDUFB6,0.2194,0.2416,0.1169,NA,NA,NA,0,0.166667,0.833333,-,0.324,0.196231,0.075537037,120,ETS,N-mt
chr16,10729322,10744275,SCO1,-0.0979,0.1412,0.1561,NA,NA,NA,0.153935,0.445139,0.400926,NA,NA,0.254932,0.327518519,121,ETS,N-mt
chr16,13080893,13111777,ELAC2,-0.0711,0.1563,0.1717,0.0001,NA,NA,0.404167,0.33287,0.262963,-,1.7,0.302228,0.682222892,122,MISC,N-mt
chr16,14201877,14343708,COX10,-0.1723,0.1393,0.1696,0.0222811,NA,0.474269,0.169192,0.628577,0.202231,-,0.64,0.230859,0.596212963,123,ETS,N-mt
chr16,16655318,16702856,TTC19,-0.072,0.1461,0.1699,NA,NA,NA,0.119048,0.607143,0.27381,NA,NA,0.187576,0.423273438,124,ETS,N-mt
chr16,31815283,31825594,MRPS23,-0.1489,0.0924,0.1359,NA,NA,NA,0,0.666667,0.333333,NA,NA,0.160217,0.140942857,125,MRP,N-mt
chr16,34714656,34722153,COX11,-0.1125,0.202,0.198,NA,NA,0.0001,0.138889,0.631944,0.229167,-,0.54,0.302654,0.126869565,126,ETS,N-mt
chr16,42088153,42096367,MRPL10,-0.1981,0.1121,0.2135,NA,0.0001,0.0001,0.0833333,0.666667,0.25,-,0.26,0.287558,0.084882353,127,MRP,N-mt
chr16,68953758,68963336,MRPS7,-0.3968,0.0735,0.2213,NA,NA,NA,0.0555556,0.666667,0.277778,NA,NA,0.33034,0.115030303,128,MRP,N-mt
chr16,69613491,69621103,MRPL38,0.0655,0.1647,0.1574,1.00E-04,1.00E-04,NA,0.037037,0.296296,0.666667,+,3.98,0.41855,0.141153846,129,MRP,N-mt
chr17,20046933,20086293,MRPS31,-0.1554,0.1442,0.1624,0.0001,NA,NA,0.0868056,0.756944,0.15625,NA,NA,0.136662,0.29471978,130,MRP,N-mt
chr17,92332715,92392464,CARS2,-0.0174,0.1808,0.1762,1.69553,NA,NA,0.338755,0.330105,0.33114,-,1.22,0.298197,1.835933447,131,MTS,N-mt
chr19,1179597,1191418,NDUFS7,-0.0664,0.1306,0.182,NA,NA,NA,0.175,0.477778,0.347222,NA,NA,0.434481,0.3613,132,ETS,N-mt
chr19,3790157,3794473,MRPL54,-0.0858,0.1685,0.1897,NA,NA,NA,0.5,0,0.5,-,1.624,0.235171,1.309,133,MRP,N-mt
chr19,7836883,7838779,PET100,0.0816,0.2267,0.1749,NA,NA,NA,0.166667,0.0833333,0.75,NA,NA,0.468354,0.172272727,134,ETS,N-mt
chr19,10275958,10283725,MRPL4,-0.2936,0.1247,0.1861,NA,NA,NA,0.194444,0.583333,0.222222,-,1.56,0.34711,0.245882353,135,MRP,N-mt
chr19,11541659,11572275,ECSIT,-0.0975,0.1589,0.1651,NA,NA,NA,0.25,0.75,0,NA,NA,0.130193,0.478090909,136,ETS,N-mt
chr19,17278862,17286366,GTPBP3,-0.1022,0.1499,0.1787,NA,NA,NA,0,0.944444,0.0555556,-,0.8,0.387127,0.3625,137,MISC,N-mt
chr19,31930695,31931043,SDHAF1,NA,NA,NA,NA,NA,NA,0,1,0,-,0.404,0.747126,0.0065,NA,ETS,N-mt
chr19,33779526,33783043,MRPL20,-0.0811,0.1523,0.199,NA,NA,NA,0,1,0,-,1.15,0.284902,0.034518519,138,MRP,N-mt
chr20,353730,357278,MRPL28,-0.0614,0.119,0.1391,NA,NA,NA,0.0347222,0.849537,0.115741,-,1.42,0.631342,0.172230769,139,MRP,N-mt
chr20,1764711,1765970,MRPS34,-0.1264,0.1146,0.1961,NA,NA,NA,0.25,0.625,0.125,NA,NA,0.645751,0.603,140,MRP,N-mt
chr20,1944009,1949730,NDUFB10,-0.1512,0.1546,0.178,NA,NA,NA,0.0833333,0.864583,0.0520833,-,3.82,0.473344,0.312179487,141,ETS,N-mt
chr20,20544178,20574368,UQCRC2,-0.0638,0.1691,0.1757,NA,NA,NA,0.332176,0.302083,0.365741,-,3.82,0.193905,0.17831579,142,ETS,N-mt
chr20,22231313,22264167,EARS2,-0.3127,0.1888,0.2271,NA,NA,0.3558,0.0787037,0.685185,0.236111,-,1.24,0.142479,0.261956522,143,MTS,N-mt
chr20,22286139,22344210,NDUFAB1,-0.2027,0.1397,0.2049,0.38204,NA,0.366147,0.0238095,0.714286,0.261905,-,0.35,0.164574,1.024596226,144,ETS,N-mt
chr1,37017344,37068032,MTF1,-0.2984,0.0918,0.2348,0.0001,NA,0.0001,0.0555556,0.944444,0,NA,NA,0.210642,0.25375,1,MISC,Nuclear
chr1,9175815,9188641,NMNAT1,0,0.1025,0.0768,NA,NA,NA,0.149306,0.381944,0.46875,NA,NA,0.115157,0.20175,2,ETS,Nuclear
chr1,133017443,133030850,CD1E,-0.0977,0.1371,0.1308,NA,1.00E-04,NA,0.163194,0.616319,0.220486,NA,NA,0.189602,0.65008209,3,ETS,Nuclear
chr1,143534815,143555924,BROX,-0.331,0.0844,0.1244,NA,NA,NA,0.127508,0.708526,0.163966,NA,NA,0.238571,0.082196262,4,MRP,Nuclear
chr1,131357291,131365848,RRNAD1,-0.558,0.0575,0.2496,NA,NA,NA,0,1,0,NA,NA,0.306766,0.494679245,5,MTS,Nuclear
chr1,199777044,199880153,ADCY10,-0.3749,0.0946,0.1982,0.51083,NA,NA,0,0.953125,0.046875,NA,NA,0.175959,0.328845588,6,MTS,Nuclear
chr1,128403877,128426289,GATAD2B,-0.2656,0.1468,0.2785,NA,NA,0.0001,0,1,0,NA,NA,0.247992,0.036166667,7,MTS,Nuclear
chr1,124274643,124279077,SF3B4,-0.2176,0.1193,0.2003,NA,NA,0.0001,0,1,0,NA,NA,0.375507,0.023142857,8,MRP,Nuclear
chr1,21417867,21422435,C1QC,0.0048,0.1604,0.1564,NA,NA,NA,0.166667,0.416667,0.416667,NA,NA,0.345228,0.753861111,9,MRP,Nuclear
chr1,195799827,195815923,EEF1AKNMT,-0.1418,0.1253,0.2613,0.0519266,NA,0.00209277,0.00555556,0.85,0.144444,NA,NA,0.324739,0.423717172,10,ETS,Nuclear
chr1,129132982,129187824,TDRD10,-0.1026,0.1764,0.2153,NA,NA,NA,0.15,0.85,0,NA,NA,0.132417,0.079396825,11,ETS,Nuclear
chr1,142855868,142858069,CCDC185,0,0.0706,0.1223,NA,NA,NA,0,0.5,0.5,NA,NA,0.594275,0.163555556,12,MRP,Nuclear
chr1,66938408,67025595,IL23R,-0.1031,0.149,0.1717,NA,NA,NA,0.131944,0.667298,0.200758,NA,NA,0.156721,0.414101167,13,MTS,Nuclear
chr1,52869621,52881217,MAGOH,-0.4588,0.0422,0.237,NA,NA,0.0001,0,1,0,NA,NA,0.146171,0.135285714,14,MRP,Nuclear
chr1,27552660,27592200,TAF12,-0.1881,0.1453,0.2226,NA,NA,NA,0,0.833333,0.166667,NA,NA,0.144461,0.420197861,15,MTS,Nuclear
chr1,38063381,38071800,GJA9,-0.2826,0.1249,0.2927,NA,NA,NA,0.25,0.583333,0.166667,NA,NA,0.201449,0.29455814,16,ETS,Nuclear
chr1,128251480,128260644,ILF2,0,0.0971,0.1764,NA,NA,NA,0,0.666667,0.333333,NA,NA,0.27368,0.17006383,17,ETS,Nuclear
chr1,14369649,14404077,CASP9,-0.1383,0.1949,0.2423,0.375475,NA,NA,0.388657,0.402546,0.208796,NA,NA,0.209481,0.88058046,18,MISC,Nuclear
chr2,12805415,12811249,CGGBP1,-0.1934,0.1194,0.2124,NA,0.0001,0.0001,0,1,0,NA,NA,0.334933,0.078333333,19,MISC,Nuclear
chr2,45149018,45204325,CCDC14,-0.2348,0.0963,0.1974,NA,NA,0.341133,0,0.972222,0.0277778,NA,NA,0.146799,0.224981818,20,ETS,Nuclear
chr2,32659855,32662627,ZBED2,-0.4014,0.1538,0.2239,NA,NA,0.0001,0,0.597222,0.402778,NA,NA,0.390693,0.2062,21,ETS,Nuclear
chr2,95067535,95102869,SCAP,-0.189,0.1323,0.2157,0.35127,0.0001,0.00227125,0.0208333,0.979167,0,NA,NA,0.343239,0.307784091,22,ETS,Nuclear
chr2,83604673,83615191,KCTD6,-0.229,0.0786,0.2251,NA,NA,NA,0,1,0,NA,NA,0.28437,0.383368421,23,MRP,Nuclear
chr2,138580633,138608036,AADACL2,-0.0744,0.1792,0.1625,NA,NA,0.0001,0.135913,0.420635,0.443452,NA,NA,0.172353,0.137194118,24,MISC,Nuclear
chr2,89386240,89401694,ITIH1,-0.2816,0.1307,0.2272,NA,NA,0.0001,0,1,0,NA,NA,0.42455,0.13165,25,ETS,Nuclear
chr2,110161008,110297769,ATP11B,-0.44,0.096,0.2049,NA,NA,NA,0.0297619,0.964286,0.00595238,NA,NA,0.179539,0.277323077,26,MTS,Nuclear
chr2,148925138,148946338,COQ10B,-0.3641,0.0955,0.2473,NA,NA,0.0001,0,1,0,NA,NA,0.165991,0.137433962,27,ETS,Nuclear
chr2,22537952,22558045,PCNP,-0.0458,0.2456,0.2697,NA,NA,NA,0.651042,0.169271,0.179688,NA,NA,0.220276,0.422196721,28,MRP,Nuclear
chr2,92516337,92518507,INKA1,0,0.0758,0.3157,NA,NA,0.5368,0.5,0.5,0,NA,NA,0.637327,0.018,29,MTS,Nuclear
chr2,95244029,95297545,KIF9,-0.1786,0.1659,0.2413,NA,0.0001,0.108995,0.037037,0.87037,0.0925926,NA,NA,0.247627,0.10540458,30,MRP,Nuclear
chr3,103560507,103573974,CLDN12,-0.4509,0.0639,0.2459,NA,NA,NA,0,1,0,NA,NA,0.259078,0.140933333,31,MRP,Nuclear
chr3,76498305,76621023,ITPRID1,-0.0313,0.1688,0.177,NA,NA,NA,0.260995,0.484028,0.254977,NA,NA,0.191162,0.241949675,32,MRP,Nuclear
chr3,106715990,106773434,CROT,-0.2291,0.1119,0.1773,NA,NA,NA,0.0303819,0.788339,0.181279,NA,NA,0.135732,0.197992883,33,MRP,Nuclear
chr3,156625573,156773254,COPG2,-0.3924,0.1248,0.2343,NA,NA,NA,0.0138889,0.97549,0.0106209,NA,NA,0.146559,0.249754361,34,ETS,Nuclear
chr3,183315068,183379552,NOM1,-0.0684,0.1467,0.1411,NA,NA,NA,0.037037,0.465856,0.497106,NA,NA,0.118541,0.255846154,35,ETS,Nuclear
chr3,166857009,166870416,MKRN1,-0.1831,0.1827,0.152,0.0001,NA,NA,0.0833333,0.8125,0.104167,NA,NA,0.188111,0.265618182,36,ETS,Nuclear
chr3,143811974,143820542,LSM8,-0.2415,0.1592,0.2005,0.1351,0.269766,0.0001,0.333333,0.666667,0,NA,NA,0.254202,0.297416667,37,ETS,Nuclear
chr3,33227217,33237597,HSPA13,-0.2816,0.0811,0.1805,NA,NA,NA,0.00694444,0.770833,0.222222,NA,NA,0.254624,1.030175824,38,MRP,Nuclear
chr4,114123345,114532103,ESR1,-0.1616,0.1433,0.1947,NA,NA,NA,0.200166,0.627739,0.172095,NA,NA,0.21798,0.65144185,39,MTS,Nuclear
chr4,27529454,27535859,HIST1H2BJ,-0.1318,0.1604,0.2829,0.0001,NA,NA,0.5,0.5,0,NA,NA,0.230133,0.255137931,40,MRP,Nuclear
chr4,53427011,53432814,PAQR8,-0.1789,0.1403,0.145,NA,NA,NA,0,1,0,NA,NA,0.35654,0.164966667,41,MRP,Nuclear
chr4,38445415,38463103,CCDC167,-0.2336,0.1441,0.2319,NA,NA,NA,0,1,0,NA,NA,0.356287,0.144059524,42,MRP,Nuclear
chr4,32503978,32520217,BAG6,0.0524,0.2289,0.1809,0.0001,0.0001,0.0001,0,0.3125,0.6875,NA,NA,0.375208,0.280137255,43,MTS,Nuclear
chr4,27775859,27801868,ZNF391,-0.4128,0.1243,0.3075,NA,NA,NA,0,1,0,NA,NA,0.162444,0.471,44,ETS,Nuclear
chr4,28748250,28779475,ZSCAN31,-0.2552,0.0839,0.1841,0.0001,NA,0.585997,0.0711806,0.830729,0.0980903,NA,NA,0.140592,0.216343348,45,MISC,Nuclear
chr4,43564507,43694962,UBR2,-0.1697,0.1524,0.1934,NA,0.0001,0.058302,0.15463,0.813889,0.0314815,NA,NA,0.16201,0.187933518,46,MTS,Nuclear
chr4,53201401,53209227,IL17F,-0.1245,0.2033,0.2003,NA,0.0001,NA,0.5,0.5,0,NA,NA,0.250958,0.424333333,47,ETS,Nuclear
chr4,95239637,95284242,GPR63,-0.394,0.105,0.2297,NA,NA,NA,0,0.981481,0.0185185,NA,NA,0.209035,0.327627359,48,MISC,Nuclear
chr5,158614869,158620267,C5H4orf46,-0.3369,0.1751,0.2759,NA,NA,NA,0,1,0,NA,NA,0.281956,0.057621622,49,MRP,Nuclear
chr5,127602053,127618853,PGRMC2,-0.2643,0.1289,0.2382,NA,NA,0.0001,0,1,0,NA,NA,0.216071,0.063797468,50,ETS,Nuclear
chr6,71733894,71764342,GCNT4,-0.1214,0.1492,0.1778,NA,NA,NA,0.185619,0.607639,0.206742,NA,NA,0.309577,0.487404762,51,ETS,Nuclear
chr6,62106575,62107841,HTR1A,-0.0515,0.1528,0.2867,NA,NA,NA,0.0610532,0.832465,0.106481,NA,NA,0.590837,0.05325,52,MRP,Nuclear
chr6,138439270,138457686,HARS,-0.239,0.2003,0.3172,0.0001,NA,0.25678,0,1,0,NA,NA,0.259828,0.078224138,53,ETS,Nuclear
chr6,158619334,158626622,PTTG1,-0.0865,0.1424,0.1471,NA,NA,NA,0.099537,0.766204,0.134259,NA,NA,0.281559,0.152018868,54,MRP,Nuclear
chr6,136077505,136163855,KDM3B,0.2267,0.2612,0.1565,0.321024,0.0001,NA,0.125,0,0.875,NA,NA,0.175738,0.057055556,55,ETS,Nuclear
chr6,116843403,117018495,DMXL1,-0.051,0.174,0.2047,0.0001,0.0001,0.0846888,0.200483,0.575785,0.223732,NA,NA,0.157197,0.167758621,56,ETS,Nuclear
chr6,70183990,70197375,ANKRA2,-0.0636,0.2136,0.2188,NA,NA,NA,0.104167,0.895833,0,NA,NA,0.17923,0.228098765,57,MRP,Nuclear
chr6,92452227,92544041,TTC37,-0.1339,0.1417,0.2088,NA,NA,0.386728,0.131339,0.655566,0.213094,NA,NA,0.199153,0.178353623,58,MRP,Nuclear
chr6,110397796,110433943,DCP2,-0.3174,0.1342,0.2819,0.0001,NA,NA,0,1,0,NA,NA,0.200819,0.156181818,59,ETS,Nuclear
chr6,74293821,74301727,OTP,0.0517,0.2585,0.1943,NA,0.0001,NA,0,0.25,0.75,-,2.94,0.440046,0.044823529,60,MTS,Nuclear
chr6,93737606,93770005,ERAP1,-0.1791,0.1407,0.1812,NA,NA,NA,0.141075,0.619727,0.239198,NA,NA,0.250347,0.298923445,61,MRP,Nuclear
chr7,47868422,47880507,THAP10,0.0722,0.2067,0.1777,NA,NA,NA,0,0.5,0.5,NA,NA,0.153496,0.084,62,ETS,Nuclear
chr7,136418743,136443256,ALDH6A1,-0.3889,0.0864,0.1374,NA,NA,NA,0,1,0,NA,NA,0.183087,0.205691275,63,ETS,Nuclear
chr7,81663894,81672061,OSGEP,-0.3489,0.1397,0.1755,NA,NA,NA,0.101852,0.796296,0.101852,NA,NA,0.30011,0.191333333,64,MRP,Nuclear
chr7,84372754,84382347,PSMB5,0,0.2071,0.1773,NA,NA,0.078381,0.375,0.479167,0.145833,NA,NA,0.191077,0.150583333,65,MRP,Nuclear
chr7,139559141,139565250,ZDHHC22,0,0.1823,0.1145,NA,NA,NA,0.5,0.5,0,NA,NA,0.395155,1.495275862,66,ETS,Nuclear
chr7,81040201,81044342,OR4K13,-0.2132,0.0815,0.1595,NA,NA,NA,0.167438,0.687114,0.145448,NA,NA,0.303791,0.600595745,67,MRP,Nuclear
chr7,127424638,127769281,FUT8,-0.1282,0.1336,0.1672,NA,NA,NA,0.20968,0.627693,0.162628,NA,NA,0.155245,0.178233393,68,ETS,Nuclear
chr8,46262047,46272057,EFCAB1,-0.2479,0.1238,0.1978,NA,NA,NA,0.333333,0.611111,0.0555556,NA,NA,0.231968,0.143395833,69,ETS,Nuclear
chr8,96401657,96481747,LAPTM4B,-0.2106,0.1521,0.2,NA,NA,NA,0.197222,0.778472,0.0243056,NA,NA,0.192895,0.244050746,70,ETS,Nuclear
chr8,77006305,77066717,IL7,-0.1569,0.1504,0.1706,NA,NA,NA,0.206019,0.650959,0.143022,NA,NA,0.111335,0.205857868,71,MRP,Nuclear
chr8,132764879,132789224,ST3GAL1,-0.1456,0.191,0.2037,NA,NA,NA,0.113095,0.610119,0.276786,NA,NA,0.36032,0.804852518,72,ETS,Nuclear
chr8,143343404,143346050,MAF1,-0.4316,0.0699,0.1892,NA,NA,NA,0,1,0,NA,NA,0.582766,0.508333333,73,ETS,Nuclear
chr9,83846291,83860480,LIPF,-0.1577,0.1024,0.1461,NA,NA,NA,0.120081,0.725984,0.153935,NA,NA,0.240961,0.26092,74,MISC,Nuclear
chr9,96038221,96061379,WNT8B,-0.0393,0.2022,0.1905,0.0001,NA,NA,0.0555556,0.270833,0.673611,NA,NA,0.227999,0.151634146,75,ETS,Nuclear
chr10,60743693,60823231,DGCR2,0.0289,0.1866,0.1756,0.0001,NA,0.0001,0.365385,0.252137,0.382479,NA,NA,0.243431,0.093688462,76,ETS,Nuclear
chr10,27558548,27597697,DLGAP4,-0.0665,0.1706,0.2303,1.00E-04,NA,1.00E-04,0.222222,0.333333,0.444444,NA,NA,0.162533,0.302443089,77,MISC,Nuclear
chr10,36758269,36788549,PANK2,-0.3018,0.1058,0.1572,NA,NA,NA,0.025,0.75,0.225,NA,NA,0.182695,0.099115385,78,ETS,Nuclear
chr10,78764593,78783440,NCF4,0.0288,0.1811,0.1789,NA,NA,NA,0.419444,0.263889,0.316667,NA,NA,0.327585,1.449925,79,MISC,Nuclear
chr11,62531168,62565952,RXYLT1,-0.7229,0.0914,0.2819,NA,NA,0.0001,0,1,0,NA,NA,0.164932,0.181665236,80,ETS,Nuclear
chr11,11728861,11729761,TAS2R19,0,0.0387,0.0973,NA,NA,NA,0,0.75,0.25,NA,NA,0.383333,0.004714286,81,MRP,Nuclear
chr11,27982467,28026689,TM7SF3,-0.2292,0.1139,0.1519,NA,NA,,0.160714,0.699074,0.140212,NA,NA,0.175184,0.637129676,82,MRP,Nuclear
chr11,13611950,13622808,GPRC5D,0.0167,0.1469,0.1773,NA,NA,,0.194155,0.512153,0.293692,NA,NA,0.257138,0.8433,83,MTS,Nuclear
chr11,133303861,133312959,ZNF891,-0.3192,0.1539,0.2447,NA,NA,0.41665,0,1,0,NA,NA,0.188393,0.120621622,84,ETS,Nuclear
chr11,123653424,123684908,GTF2H3,0.0217,0.1777,0.192,NA,NA,NA,0.333333,0.240741,0.425926,NA,NA,0.136291,0.330230769,85,MRP,Nuclear
chr11,3950542,4002613,PARP11,-0.1826,0.1608,0.1836,NA,NA,,0.204365,0.589286,0.206349,NA,NA,0.120489,0.365185567,86,ETS,Nuclear
chr11,67494716,67516233,SLC35E3,-0.0748,0.2296,0.229,NA,NA,,0,1,0,NA,NA,0.181391,0.14503125,87,MISC,Nuclear
chr12,70221468,70261972,NUP35,-0.0086,0.1628,0.1679,NA,1.00E-04,,0.333333,0.208333,0.458333,NA,NA,0.185241,0.144164063,88,ETS,Nuclear
chr12,124645255,124670223,GAL3ST2,-0.3265,0.0985,0.1829,NA,NA,0.1664,0,1,0,NA,NA,0.165051,0.590231111,89,ETS,Nuclear
chr12,101335287,101337780,ZFAND2B,0.2182,0.1771,0.1162,NA,NA,NA,0,1,0,NA,NA,0.525872,0.201625,90,ETS,Nuclear
chr12,100261527,100273834,CXCR1,-0.2397,0.1365,0.2819,NA,NA,NA,0,1,0,NA,NA,0.284553,0.303602564,91,MRP,Nuclear
chr13,20436582,20437173,RHOB,NA,NA,NA,0.0001,NA,NA,0.8125,0.166667,0.0208333,NA,NA,0.631134,0.209,92,ETS,Nuclear
chr13,71363785,71375996,SNRPG,-0.2144,0.097,0.2514,NA,NA,NA,0,1,0,-,0.416,0.202604,0.137205128,93,MRP,Nuclear
chr13,56496607,56523278,CFAP36,-0.4137,0.0936,0.1787,,NA,NA,0.0347222,0.923611,0.0416667,NA,NA,0.161111,0.221773109,94,MISC,Nuclear
chr13,11432095,11451037,E2F6,-0.1776,0.1532,0.1909,0.0001,NA,NA,0.108333,0.841667,0.05,NA,NA,0.262644,0.295686667,95,ETS,Nuclear
chr13,65517343,65641364,SERTAD2,-0.2716,0.1266,0.2322,NA,NA,NA,0.0175439,0.964912,0.0175439,NA,NA,0.236379,0.158501401,96,ETS,Nuclear
chr13,47431661,47493021,SOCS5,-0.1715,0.1527,0.2187,0.0001,0.0001,NA,0.0952381,0.904762,0,NA,NA,0.161375,0.165287582,97,MISC,Nuclear
chr13,72000134,72000330,RF02272,NA,NA,NA,NA,NA,NA,0,1,0,NA,NA,0.586735,0.001,98,ETS,Nuclear
chr13,76761266,76810090,GCFC2,0.0626,0.2541,0.1714,NA,0.164628,NA,0.161169,0.350694,0.488137,NA,NA,0.144171,0.601615894,99,MRP,Nuclear
chr13,93815373,93831427,UNC50,-0.062,0.2148,0.1798,NA,NA,NA,0.25463,0.62037,0.125,NA,NA,0.174785,0.62352349,100,MRP,Nuclear
chr13,69899162,69905478,BMP10,-0.1948,0.1054,0.1872,NA,NA,NA,0.0833333,0.90625,0.0104167,NA,NA,0.331856,0.482372093,101,ETS,Nuclear
chr13,189788,236101,SH3YL1,-0.2571,0.1026,0.1807,NA,NA,0.0001,0.185957,0.719907,0.0941358,NA,NA,0.298232,0.422993174,102,MRP,Nuclear
chr14,1586264,1600724,CTSD,-0.1417,0.1665,0.2052,NA,0.1724,0.0001,0.0833333,0.682099,0.234568,NA,NA,0.620055,1.211053763,103,MRP,Nuclear
chr14,13552357,13567360,MS4A8,-0.2086,0.124,0.1749,NA,NA,NA,0.217593,0.71875,0.0636574,-,0.18,0.223555,4.62675,104,MRP,Nuclear
chr14,18415011,18421160,C1QTNF4,-0.2396,0.117,0.2521,NA,NA,NA,0,1,0,NA,NA,0.374045,0.305807692,105,ETS,Nuclear
chr14,5902183,5908966,GAL,-0.151,0.1091,0.1505,NA,NA,NA,0.564815,0.388889,0.0462963,NA,NA,0.463807,0.474574468,106,ETS,Nuclear
chr14,89001416,89004973,JRKL,-0.0668,0.1124,0.1359,NA,NA,0.0001,0,1,0,NA,NA,0.322744,0.002666667,107,MRP,Nuclear
chr14,70274270,70279174,THRSP,0.0227,0.1788,0.1496,NA,NA,NA,0.1875,0.5625,0.25,NA,NA,0.273246,0.721289474,108,MRP,Nuclear
chr14,75345749,75401071,RAB30,-0.2628,0.121,0.1743,NA,NA,NA,0.0565476,0.907738,0.0357143,NA,NA,0.17926,0.652413044,109,ETS,Nuclear
chr14,12497987,12501727,TMEM258,-0.2016,0.1174,0.1986,NA,NA,NA,0.0208333,0.9375,0.0416667,NA,NA,0.290642,0.4325,110,MRP,Nuclear
chr14,10851494,10859596,TROAP,-0.247,0.1368,0.3125,0.0001,NA,0.0001,0,1,0,NA,NA,0.368674,0.204628571,111,ETS,Nuclear
chr14,101087317,101149180,NPAT,-0.079,0.1996,0.2148,NA,1.00E-04,0.783182,0.130952,0.553571,0.315476,NA,NA,0.141587,0.220190889,112,MRP,Nuclear
chr14,47801549,47865814,TSG101,-0.2026,0.1412,0.1625,NA,NA,NA,0.382471,0.477273,0.140257,NA,NA,0.176301,0.324540541,113,ETS,Nuclear
chr14,22580221,22729642,TTC17,-0.2597,0.1272,0.2029,NA,NA,NA,0.112939,0.812135,0.0749269,NA,NA,0.164388,0.246638182,114,MTS,Nuclear
chr14,66081821,66094250,UCP3,-0.0589,0.1171,0.112,NA,NA,NA,0.40625,0.388889,0.204861,NA,NA,0.312575,0.710025317,115,ETS,Nuclear
chr15,1056977,1057763,RNF208,NA,0.2721,0.2331,0.0001,NA,NA,0.75,0.25,0,NA,NA,0.661578,0.2675,116,MRP,Nuclear
chr15,1561599,1565235,LCN10,0.0051,0.151,0.1701,0.0001,NA,NA,0.321759,0.295139,0.383102,NA,NA,0.570407,1.083368421,117,MRP,Nuclear
chr15,49550517,49556155,CCL21,-0.0239,0.133,0.1558,NA,NA,NA,0.583333,0.416667,0,NA,NA,0.307556,0.4013,118,ETS,Nuclear
chr15,89240258,89258348,CYP1D1,-0.0162,0.1739,0.1711,NA,NA,NA,0.206019,0.299769,0.494213,NA,NA,0.255169,0.218817204,119,ETS,Nuclear
chr15,46246812,46267582,EXOSC3,-0.172,0.1854,0.2629,0.0001,NA,NA,0.09375,0.822917,0.0833333,NA,NA,0.215262,0.078030075,120,ETS,Nuclear
chr16,45777283,45796081,PSMD3,-0.2058,0.0989,0.24,NA,NA,NA,0,1,0,NA,NA,0.314448,0.253276316,121,ETS,Nuclear
chr16,66746109,66770010,FAM104A,-0.0099,0.1235,0.1556,NA,NA,NA,0.2,0.575,0.225,NA,NA,0.246391,0.66522093,122,MISC,Nuclear
chr16,33168724,33347962,ANKFN1,-0.2211,0.1378,0.1906,0.0001,NA,1.00815,0.0880058,0.817773,0.0942215,NA,NA,0.202318,0.539977872,123,ETS,Nuclear
chr16,40385563,40421313,B4GALNT2,-0.0879,0.1678,0.1859,NA,NA,NA,0.275,0.575,0.15,NA,NA,0.188531,0.514833333,124,ETS,Nuclear
chr16,48757453,48767985,G6PC,-0.0698,0.0996,0.1633,NA,0.0001,0.0001,0.111111,0.722222,0.166667,NA,NA,0.199772,0.18209434,125,MRP,Nuclear
chr16,590420,598936,FAM57A,0.1339,0.1909,0.1419,NA,NA,NA,0,0.430556,0.569444,NA,NA,0.306717,0.118117647,126,ETS,Nuclear
chr16,41964819,41970783,PNPO,-0.3252,0.0887,0.1734,NA,NA,NA,0,1,0,-,1.66,0.326962,0.101333333,127,MRP,Nuclear
chr16,39429560,39441589,SAMD14,-0.2552,0.0707,0.1339,0.0001,NA,NA,0.0833333,0.856481,0.0601852,NA,NA,0.321307,0.09825641,128,MRP,Nuclear
chr16,75742924,75749765,SIRT7,-0.3952,0.1001,0.2296,NA,NA,NA,0,1,0,NA,NA,0.449057,0.107288462,129,MRP,Nuclear
chr17,24200533,24241823,GPALPP1,-0.149,0.1486,0.1875,0.0001,NA,NA,0,0.791667,0.208333,NA,NA,0.148825,0.272299517,130,MRP,Nuclear
chr17,25989383,26054794,HTR2A,-0.0166,0.1691,0.156,0.0001,NA,NA,0.153725,0.493897,0.352378,NA,NA,0.25164,1.502620301,131,MTS,Nuclear
chr19,43986553,43998005,SPHK2,0.0564,0.1078,0.1084,NA,0.0001,NA,0.277778,0.166667,0.555556,NA,NA,0.405257,0.469578947,132,ETS,Nuclear
chr19,44455720,44460439,NTF4,-0.2108,0.134,0.209,NA,NA,NA,0,0.916667,0.0833333,NA,NA,0.269125,1.137586207,133,MRP,Nuclear
chr19,35041071,35043416,IFNL1,-0.4306,0.1955,0.1852,NA,NA,NA,0,0.75,0.25,NA,NA,0.450746,0.214333333,134,ETS,Nuclear
chr19,19242856,19250737,MEF2B,-0.0278,0.1395,0.1495,NA,NA,0.0001,0.666667,0.166667,0.166667,NA,NA,0.340947,0.2944,135,MRP,Nuclear
chr19,49255773,49282633,CACNG7,0.0301,0.1546,0.153,NA,NA,NA,0.611111,0.298611,0.0902778,NA,NA,0.161095,0.493086022,136,ETS,Nuclear
chr19,45714374,45721994,NAPSA,-0.1097,0.2035,0.245,0.165207,NA,NA,0.152778,0.574074,0.273148,NA,NA,0.396325,0.463880952,137,MISC,Nuclear
chr19,12748716,12753181,THSD8,0,0.0714,0.1357,NA,NA,NA,0.300347,0.630208,0.0694444,NA,NA,0.284211,0.042615385,138,MRP,Nuclear
chr20,3965872,3969333,KREMEN2,-0.2538,0.1258,0.2928,NA,NA,NA,0,1,0,NA,NA,0.586536,0.201941177,139,MRP,Nuclear
chr20,29276902,29278301,ZNF843,-0.1385,0.1414,0.1288,NA,NA,0.0001,0.0815972,0.369792,0.548611,NA,NA,0.662616,0.72475,140,MRP,Nuclear
chr20,74037682,74043158,SLC22A31,-0.1365,0.1824,0.2282,NA,NA,NA,0,1,0,NA,NA,0.582725,0.315254902,141,ETS,Nuclear
chr20,23948505,23971176,ZKSCAN2,-0.0258,0.1535,0.197,NA,NA,NA,0.0486111,0.322222,0.629167,NA,NA,0.247629,0.13556701,142,ETS,Nuclear
chr20,68850644,68883757,DNAAF1,-0.0609,0.1642,0.1769,NA,NA,NA,0.234375,0.416667,0.348958,NA,NA,0.174644,0.28802069,143,MTS,Nuclear
chr20,28082693,28139066,ITGAL,-0.2546,0.0991,0.1853,0.0001,0.0001,NA,0.0625,0.927083,0.0104167,NA,NA,0.19222,0.943942308,144,ETS,Nuclear
