Chromosome,Start,End,Gene,Recombination,GC,Length,fdM,Sin.Dxy,Fas.Dxy,Arc.dN.dS,Sin.dN.dS,Fas.dN.dS,Sin.Fas,Arc.Sin,Arc.Fas,Extension,ChiSquare,Type,Pairing,Function
chr20,27248649,27256252,COX20,0.211954546,39.12865895,7345,0,0.2309,0.2147,NA,NA,NA,1536,192,0,-,0.782,N-mt,1,ETS
chr17,92332838,92387707,COX17,0.2814,43.11212815,2185,0.1093,0.1938,0.1606,NA,NA,NA,0,576,1152,-,0.954,N-mt,2,ETS
chr2,93215368,93216793,COX19,0.03447619,49.74699557,6324,-0.1641,0.1801,0.2884,NA,NA,NA,576,1152,0,-,0.308,N-mt,3,ETS
chr1,221345740,221353085,COX8A,0.204307692,64.19131529,1589,-0.5452,0.0251,0.1903,NA,NA,NA,0,1728,0,+,9.28,N-mt,4,ETS
chr12,100783217,100785634,COX10,0.599563702,38.7429914,138758,-0.1745,0.1379,0.1697,1.45292,0.805428,1.538,0,1728,0,-,0.64,N-mt,5,ETS
chr2,79723477,79736392,COX11,0.148384615,39.44783198,5904,-0.0785,0.2259,0.2052,0.135817,0.186946,0.202371,0,1440,288,-,0.54,N-mt,6,ETS
chr16,34714662,34720566,COX7AH,0.1107,62.77777778,1440,0.2987,0.1815,0.0954,NA,NA,NA,0,0,1728,-,1.842,N-mt,7,ETS
chr13,93808360,93808588,COX6B2,0.614333333,68.55524079,1059,-0.1958,0.2661,0.2748,0.52576,NA,NA,436,918,374,+,5.968,N-mt,8,ETS
chr16,41928209,41939242,COX4I1,0.141770833,48.17718542,7653,0.0692,0.19,0.1769,NA,NA,NA,0,0,1728,-,3.02,N-mt,9,ETS
chr14,60098584,60099764,NDUFS2,0.60852381,41.17507136,8408,-0.2612,0.1703,0.1724,0.594167,NA,NA,396,888,444,-,1.12,N-mt,10,ETS
chr16,42088172,42094652,NDUFB4,0.001,40.429586,5773,0.1702,0.2458,0.1225,NA,NA,NA,216,0,1512,-,0.176,N-mt,11,ETS
chr2,148717274,148719056,NDUFAF3,0.002,61.9140625,1024,-0.3142,0.3962,0.4375,NA,NA,0.2596,96,1536,96,-,0.32,N-mt,12,ETS
chr14,7992691,7995433,NDUFB5,0.15729771,39.5019345,18351,-0.5675,0.0958,0.2301,0.313328,NA,NA,0,1728,0,-,1.72,N-mt,13,ETS
chr8,33612740,33626309,NDUFA5,0.27999359,36.09375966,16169,-0.256,0.1128,0.1595,NA,NA,NA,0,1728,0,-,0.744,N-mt,14,ETS
chr6,161573374,161588583,NDUFAF4,0.429823529,39.11278195,6650,-0.352,0.097,0.2366,NA,0,NA,0,1728,0,-,0.066,N-mt,15,ETS
chr4,44070393,44075196,NDUFS6,0.072,48.75353726,14842,-0.0508,0.2162,0.2429,NA,0.875583,0.943933,0,1728,0,-,0.71,N-mt,16,ETS
chr12,20460606,20523262,NDUFAF2,0.158313093,36.16181483,148466,-0.3566,0.1105,0.2285,NA,NA,NA,0,1728,0,NA,NA,N-mt,17,ETS
chr4,42872448,42887640,NDUFAF6,0.276384615,38.41489453,11709,-0.1978,0.0917,0.1814,NA,0.884417,0.473083,0,1728,0,-,0.43,N-mt,18,ETS
chr8,52035274,52047734,NDUFB8,0.001090909,46.48687012,5636,-0.5899,0.1174,0.2887,0.4312,1.01925,0.677929,0,1728,0,-,2.824,N-mt,19,ETS
chr14,5693145,5704867,NDUFV2,0.002,44.66666667,750,-0.1637,0.1172,0.1118,NA,NA,NA,450,810,468,-,3.12,N-mt,20,ETS
chr13,76738056,76745894,NDUFS3,0.004,48.83677298,5330,-0.3317,0.1041,0.261,0.8078,0.198317,0.190959,0,1728,0,-,1.48,N-mt,21,ETS
chr14,14323864,14328470,NDUFC2,0.322640625,49.67285352,7489,-0.0695,0.1688,0.165,NA,0.412917,0.439245,1632,0,96,-,1.5,N-mt,22,ETS
chr16,75574131,75578264,NDUFB6,0.081333333,41.27766705,19066,0.2114,0.2306,0.1096,NA,0.3124,0.176831,0,0,1728,-,0.324,N-mt,23,ETS
chr8,119604256,119653475,NDUFB7,0.499088889,56.48499483,5798,-0.0027,0.2092,0.1691,0.737317,NA,NA,0,1296,432,-,2.328,N-mt,24,ETS
chr4,33776174,33781284,NDUFAB1,1.532359375,47.68281102,10530,-0.4977,0.0693,0.2447,NA,0.123567,0.121767,0,1728,0,-,0.35,N-mt,25,ETS
chr19,44420001,44421013,NDUFA1,NA,43.54609929,4935,-0.2732,0.1796,0.2488,NA,1.62288,2.08952,0,1728,0,-,1.18,N-mt,26,ETS
chr2,145817895,145823714,NDUFA4L2,0.01025,58.34428384,1522,-0.5718,0.0832,0.3076,NA,NA,NA,0,1728,0,NA,NA,N-mt,27,ETS
chr1,87493171,87505916,NDUFA10,1.646024209,46.25388139,65054,0.0227,0.1355,0.1379,NA,NA,NA,1728,0,0,+,11.76,N-mt,28,ETS
chr18,35022164,35033975,ATP5O,0.356761364,43.06188925,12280,-0.021,0.1596,0.1285,0.650925,1.01287,0.651133,0,288,1440,-,0.16,N-mt,29,ETS
chr11,55428852,55438451,ATPAF2,0.224615385,47.83895035,23322,-0.1402,0.124,0.1585,0.241533,0.3622,0.392417,0,1728,0,-,1.64,N-mt,30,ETS
chr17,10283912,10329344,ATP5F1A,1.006479339,41.85928372,11811,-0.3349,0.1063,0.166,NA,NA,NA,0,1656,72,-,1.68,N-mt,31,ETS
chr8,42535602,42550075,ATP5F1D,1.005882114,62.84838421,39145,-0.129,0.1346,0.2064,NA,0.9657,NA,0,1728,0,-,0.42,N-mt,32,ETS
chr3,21381687,21480851,SDHB,0.292168,44.25738759,33739,0.0365,0.1751,0.1636,0.8731,0,NA,864,0,864,-,0.86,N-mt,33,ETS
chr10,61138055,61141417,SDHD,0.219,54.375,480,-0.5449,0.1456,0.5645,0.182558,0.611455,0.7483,136,1152,440,+,17.22,N-mt,34,ETS
chr16,18171068,18194390,COA1,0.282734694,45.49666956,10359,0.0246,0.1508,0.144,NA,NA,NA,0,0,1728,-,2.12,N-mt,35,ETS
chr19,987716,1026861,BCS1L,0.186636364,53.4546959,2417,-0.2161,0.1159,0.2658,NA,NA,NA,0,1728,0,-,3.44,N-mt,36,ETS
chr13,75491101,75491646,TIMMDC1,0.185303704,38.62449097,24311,NA,0.1583,0.1425,0.428694,NA,NA,0,216,1512,-,0.34,N-mt,37,ETS
chr15,38176616,38191850,TIMM23,1.328994559,44.97966701,284513,-0.1419,0.2009,0.2399,NA,NA,NA,0,1728,0,-,1.29,N-mt,38,ETS
chr7,84158411,84162186,TIMM8B,0.001,48.73720137,1465,0,0.0702,0.0712,NA,NA,NA,864,288,576,NA,NA,N-mt,39,ETS
chr14,9307097,9312598,TIMM21,0.699125,41.75824176,9009,0.0426,0.1366,0.1279,NA,NA,0.698033,1656,72,0,-,0.28,N-mt,40,ETS
chr2,113644986,113660726,TIMM13,0.2105,68.66438356,584,-0.352,0.1136,0.4423,NA,NA,NA,0,1728,0,-,0.152,N-mt,41,ETS
chr11,6731230,6731329,TIMM8A,NA,43.28636621,30021,-0.1343,0.1528,0.2235,NA,NA,NA,0,1728,0,-,1.8,N-mt,42,ETS
chr15,678129,678543,TACO1,0.315827586,48.54547848,7597,-0.3479,0.1151,0.3704,NA,0.266129,0.281335,0,1728,0,-,0.38,N-mt,43,ETS
chr14,1785211,1799564,PET117,0.378137931,44.99085087,4372,-0.0097,0.1501,0.1451,NA,NA,NA,864,288,576,-,0.19,N-mt,44,ETS
chr20,51070347,51099785,UQCRB,0.177285714,37.31054499,3101,0,0.1651,0.1153,NA,0.563183,0.676514,1224,360,144,-,0.514,N-mt,45,ETS
chr14,70644090,70780489,UQCRC1,0.194181818,53.09291919,11397,-0.1761,0.1316,0.2401,NA,0.284067,NA,0,1728,0,+,5.9,N-mt,46,ETS
chr12,122711343,122776397,UQCRQ,0.509333333,48.49785408,699,0,0.2593,0.1952,0,1.1758,0.553867,1512,0,216,-,1.338,N-mt,47,ETS
chr1,183710818,183746133,UQCRC2,0.17831579,40.20296124,30055,-0.0503,0.1704,0.1727,0.6229,NA,NA,432,576,720,-,3.82,N-mt,48,ETS
chr20,70571962,70579615,CYC1,0.100526316,63.2698272,2257,-0.2711,0.1696,0.2563,NA,NA,NA,0,1728,0,+,5.08,N-mt,49,ETS
chr19,41011899,41026726,MRPL40,0.067307692,48.54253421,3362,0,0.1526,0.1581,NA,NA,NA,1728,0,0,-,0.88,N-mt,50,MRP
chr19,17712055,17751166,MRPL37,0.115454546,48.05153826,19015,-0.149,0.1723,0.2615,0.59295,NA,0,0,1728,0,-,3.5,N-mt,51,MRP
chr4,137980177,138475964,MRPL9,0.001,48.58906526,3402,0,0.1652,0.1409,0.7904,NA,NA,0,0,1728,-,2.32,N-mt,52,MRP
chr16,13080893,13111777,MRPL24,0.767375,54.07692308,1300,-0.2657,0.1238,0.2838,0.639914,NA,NA,0,1728,0,-,0.98,N-mt,53,MRP
chr11,28780555,28792190,MRPL55,0.0465,50.32822757,914,-0.4395,0.1646,0.5327,0.2627,0.77235,0.424667,0,1728,0,NA,NA,N-mt,54,MRP
chr1,146210313,146281911,MRPL47,0.500222222,38.60864041,15740,-0.5259,0.0826,0.2026,NA,0.276806,1.05043,0,1728,0,-,0.04,N-mt,55,MRP
chr19,11595736,11597172,MRPL3,0.138495496,35.82536033,40449,-0.0665,0.1647,0.206,0.380892,NA,NA,0,1728,0,-,1.06,N-mt,56,MRP
chr3,177369460,177388843,MRPL39,0.244084977,38.671292,99164,-0.2075,0.1265,0.1882,0.333183,0.602321,0.811375,0,1728,0,-,0.14,N-mt,57,MRP
chr2,157783466,157806875,MRPL2,0.1787,48.88611285,4803,-0.2725,0.1997,0.1977,2.44767,NA,NA,0,1152,576,-,0.64,N-mt,58,MRP
chr20,22231313,22264167,MRPL22,0.390054054,38.35423702,24876,-0.2598,0.1467,0.3145,NA,NA,NA,144,1440,144,NA,NA,N-mt,59,MRP
chr6,138457609,138464828,MRPL46,0.204181818,40.35226078,7608,0.0208,0.1754,0.1611,0.60305,NA,0,1260,216,252,-,2.92,N-mt,60,MRP
chr1,193709656,193749723,MRPL15,0.079090909,42.76083467,12460,0.1707,0.1561,0.1715,NA,0.3308,0,0,0,1728,-,1.76,N-mt,61,MRP
chr7,178501,182831,MRPL13,0.161951852,34.72439505,49219,-0.0117,0.1764,0.1685,NA,NA,0.118833,72,216,1440,-,1.12,N-mt,62,MRP
chr19,17278862,17286366,MRPL44,0.265011765,38.27407111,10012,-0.1044,0.1736,0.1952,NA,NA,NA,72,1152,504,-,1.62,N-mt,63,MRP
chr2,163327507,163339815,MRPL33,0.112575758,43.49427169,9776,-0.163,0.1222,0.2726,NA,0.391288,0.596914,0,1728,0,NA,NA,N-mt,64,MRP
chr7,85704106,85712161,MRPL19,0.144745098,39.02781322,7838,0.1209,0.1659,0.1026,NA,NA,NA,408,24,1296,-,1,N-mt,65,MRP
chr4,68547097,68663627,MRPL35,0.517951049,41.49834984,15150,-0.3794,0.1092,0.2434,0.145567,NA,NA,0,1728,0,-,1.328,N-mt,66,MRP
chr10,5048897,5072385,MRPL23,1.289,60.5587682,14353,-0.2501,0.1163,0.234,NA,NA,NA,0,1728,0,NA,NA,N-mt,67,MRP
chr11,75906841,75947765,MRPL21,4.172283582,49.94028323,11722,-0.1429,0.1779,0.2181,NA,NA,NA,0,1728,0,NA,NA,N-mt,68,MRP
chr1,37068454,37095283,MRPL49,0.848060606,51.09980004,5501,-0.1759,0.0654,0.2097,0.616,0,NA,0,1728,0,-,0.422,N-mt,69,MRP
chr3,64734223,64742160,MRPL16,0.427666667,45.37559705,4606,-0.1108,0.1785,0.1929,NA,NA,NA,1152,96,480,-,1.08,N-mt,70,MRP
chr1,19460389,19469391,MRPL17,0.001,53.30508475,1180,0.3303,0.119,0.0582,NA,NA,NA,216,0,1512,-,0.952,N-mt,71,MRP
chr14,10539690,10541279,MRPL10,0.11275,49.19753086,6480,-0.2389,0.142,0.2896,NA,0.781979,1.02099,0,1440,288,-,0.26,N-mt,72,MRP
chr16,46784000,46792273,MRPL58,0.468794872,48.64816312,11133,-0.192,0.1634,0.2519,NA,0.5202,0.2566,0,1728,0,-,2.6,N-mt,73,MRP
chr12,83590664,83592941,MRPL38,0.137423077,55.35499398,5817,0.0211,0.1604,0.1453,1.13505,0.3293,1.02055,0,576,1152,+,3.98,N-mt,74,MRP
chr8,143332941,143335198,MRPL12,0.008535714,55.57706267,4133,0.0826,0.149,0.1001,NA,NA,NA,0,1728,0,-,0.32,N-mt,75,MRP
chr14,87594427,87595999,MRPL54,1.340571429,55.54751568,4146,-0.0855,0.1671,0.1881,NA,NA,0.34715,512,976,240,-,1.624,N-mt,76,MRP
chr6,135971745,135993637,MRPL4,0.254625,54.98468393,7182,-0.1533,0.1472,0.1716,0,0.464097,0.692883,384,1344,0,-,1.56,N-mt,77,MRP
chr1,112119430,112134050,MRPL20,0.010428571,56.18838992,1826,-0.2561,0.1588,0.2396,NA,1.42779,1.09979,0,1728,0,-,1.15,N-mt,78,MRP
chr6,153048223,153073099,PARS2,0.5114,56.02240896,1428,-0.1905,0.134,0.1593,NA,NA,NA,604,1028,96,+,4.4,N-mt,79,MTS
chr11,93225479,93258753,TARS2,0.051671875,48.25767657,20289,-0.1992,0.1597,0.322,NA,0.47535,NA,0,1728,0,+,4.66,N-mt,80,MTS
chrX,71708007,71711329,IARS2,0.537908616,39.50808682,71598,-0.11,0.1397,0.1696,NA,NA,NA,0,1728,0,+,6.48,N-mt,81,MTS
chr5,46705226,46705472,LARS2,0.340022368,41.8865813,155477,-0.0574,0.1637,0.197,NA,NA,NA,0,1728,0,-,3.2,N-mt,82,MTS
chr19,50572781,50573840,FARS2,0.750202062,42.11063779,399538,-0.166,0.1577,0.1797,NA,NA,NA,0,1728,0,-,0.84,N-mt,83,MTS
chr4,45426792,45439610,AARS2,0.275595506,54.71992511,12818,0.1194,0.1511,0.1452,1.69998,2.81049,2.32202,432,0,1296,+,15.54,N-mt,84,MTS
chr13,28058128,28067904,RARS2,0.166504444,37.8800027,133453,-0.3877,0.0867,0.2506,NA,NA,NA,0,1728,0,-,0.16,N-mt,85,MTS
chr19,32093999,32095439,HARS2,0.049952381,45.67114559,7219,-0.3954,0.0687,0.185,NA,NA,NA,0,1728,0,-,1,N-mt,86,MTS
chr3,97676808,97683203,YARS2,0.906351351,41.77934018,11094,-0.0188,0.2895,0.2985,NA,0.145,0.0724833,1728,0,0,-,0.78,N-mt,87,MTS
chr3,12776224,12788504,CARS2,1.793955056,48.8654796,54869,-0.0214,0.177,0.1729,0.56095,0.646517,0.502872,0,1728,0,-,1.22,N-mt,88,MTS
chr17,1599148,1599457,TRMT10C,0.009,36.94117647,1275,0,0.1771,0.0625,NA,1.04628,0.487833,360,828,540,-,0.34,N-mt,89,MISC
chr16,68676906,68688039,TRMT5,0.0018,35.17617286,5137,-0.101,0.1148,0.2267,NA,NA,NA,0,1728,0,-,0.16,N-mt,90,MISC
chr1,126283693,126287095,TRMT61A,0.0768,63.65356317,4757,-0.4576,0.085,0.2326,NA,0.461067,NA,0,1728,0,-,2.24,N-mt,91,MISC
chr1,139106740,139107654,TRMT10B,0.04290625,43.20055421,14435,-0.1982,0.1881,0.2988,1.09038,0.473675,0.739771,0,1728,0,-,0.82,N-mt,92,MISC
chr3,12776224,12788504,CDK5RAP3,0.037551724,51.12843288,11033,-0.0603,0.134,0.1885,NA,NA,NA,288,1440,0,-,0.08,N-mt,93,MISC
chr14,13552751,13565976,TRNT1,0.132064815,38.27677579,23398,-0.4293,0.0687,0.1602,0.6771,NA,NA,0,1512,216,-,2.32,N-mt,94,MISC
chr8,98607405,98611730,GTPBP3,0.3625,57.9424307,7504,-0.1022,0.1499,0.1787,NA,NA,NA,0,1728,0,-,0.8,N-mt,95,MISC
chr7,66473789,66481397,TFB2M,0.847134146,43.38762957,26337,0.0124,0.2169,0.1486,NA,NA,NA,1728,0,0,+,7.7,N-mt,96,MISC
chr12,106229292,106239304,TFB1M,0.31861516,38.81617755,54248,-0.4255,0.1132,0.2314,NA,NA,NA,0,1728,0,-,1.82,N-mt,97,MISC
chr2,170450265,170490714,PUS10,0.182533597,39.30107594,80209,-0.2692,0.1505,0.2792,NA,NA,NA,0,1728,0,-,1.94,N-mt,98,MISC
chr6,68720236,68827211,TRMU,1.51225,52.41740355,22731,0.0125,0.1852,0.1731,NA,NA,NA,1728,0,0,-,0.62,N-mt,99,MISC
chr19,31574415,31581888,ELAC2,0.682222892,46.20191685,30884,-0.0711,0.1563,0.1718,2.33457,2.26344,1.78192,0,1728,0,-,1.7,N-mt,100,MISC
chr1,131366293,131367593,PNPT1,0.162333333,37.98202378,10347,-0.0778,0.2745,0.1428,NA,NA,NA,0,1728,0,-,0.02,N-mt,101,MISC
chr13,62916315,62916507,MARS2,0.015,56.84624018,1782,0,0.1923,0.2436,0.722542,NA,NA,611,244,873,-,1.68,N-mt,102,MTS
chr7,136060810,136082709,MRPL28,0.172230769,63.24476651,2484,-0.0303,0.1741,0.1661,NA,0.634756,0.575294,0,1584,144,-,1.42,N-mt,103,MRP
chr14,8685707,8694516,MRPL52,0.585333333,44.52980132,3775,NA,0.2755,0.2009,NA,NA,NA,0,1728,0,NA,NA,N-mt,104,MRP
chr7,18972010,18976448,NDUFA12,0.437827434,41.16563004,43410,NA,0.2412,0.1962,NA,NA,NA,0,1728,0,-,3.506,N-mt,105,ETS
chr1,22670343,22671426,COX5A,0.264520833,45.12377663,17370,NA,0.1798,0.2222,NA,NA,NA,NA,NA,NA,-,0.674,N-mt,106,ETS
chr13,87962054,87977204,SARS2,0.270873563,52.8613463,16653,-0.1381,0.2445,0.2362,NA,NA,NA,0,1728,0,+,9.5,N-mt,107,MTS
chr14,38489431,38595879,NARS2,0.205008231,38.58166116,136399,NA,0.2863,0.248,NA,NA,NA,0,1728,0,-,0.14,N-mt,108,MTS
chrX,113651638,113656573,UQCRH,0.257092105,45.93450272,11573,NA,NA,NA,NA,NA,NA,NA,NA,NA,-,0.6,N-mt,109,ETS
chr10,32440466,32448393,DARS2,0.525991189,40.37487209,40067,NA,0.2331,0.2169,1.48353,0.509092,1.00793,0,0,1728,-,0.22,N-mt,110,MTS
chr1,53878973,53897988,SDHAF2,0.046266667,44.73640629,18115,NA,NA,NA,NA,NA,NA,NA,NA,NA,-,0.086,N-mt,111,ETS
chr19,1049013,1056805,COX4I2,0.136244444,50.22076448,7927,NA,0.2462,0.3433,NA,NA,NA,1728,0,0,-,0.912,N-mt,112,ETS
chr16,45934559,45947046,UQCC3,0.254,63.66120219,366,0,0.2222,0.2958,NA,NA,NA,864,576,288,-,1.046,N-mt,113,ETS
chr4,71483879,71514522,UQCR,2.02534375,57.21627409,4670,NA,0.378,0.4044,NA,NA,NA,NA,NA,NA,NA,NA,N-mt,114,ETS
chr4,5446738,5846276,MRPL36,0.072,54.80769231,312,NA,NA,NA,NA,0.584733,NA,NA,NA,NA,-,0.92,N-mt,115,MRP
chr11,48404626,48404800,COX7B,NA,40.42745334,3322,NA,NA,NA,NA,NA,NA,NA,NA,NA,-,0.792,N-mt,116,ETS
chr2,92030622,92031350,MRPL48,0.21016474,43.5527324,80918,NA,NA,NA,NA,NA,NA,NA,NA,NA,NA,NA,N-mt,117,MRP
chr7,52153462,52170832,EARS2,0.261956522,48.14634443,32854,NA,NA,NA,1.0778,0.909858,0.909587,NA,NA,NA,-,1.24,N-mt,118,MTS
chr14,65806628,65887546,TIMM17A,0.667380952,41.78314449,12091,NA,0.1782,0.2383,NA,NA,NA,96,384,1248,-,0.818,N-mt,119,ETS
chr16,69615090,69620907,SDHAF4,0.640032787,41.09828142,22344,NA,0.1709,0.2214,NA,NA,0,0,0,1728,-,1.69,N-mt,120,ETS
chr11,94783649,94827059,WARS2,0.314200257,38.51202927,114263,-0.0844,0.1795,0.1741,0,0.3604,0.102971,0,1728,0,-,0.66,N-mt,121,MTS
chr20,354265,356749,PUS1,0.182865672,50.28418977,17242,0.0512,0.2516,0.2293,NA,NA,NA,0,0,1728,-,1.38,N-mt,122,MISC
chr19,10276248,10283430,SDHC,0.082638298,42.12542991,43323,NA,0.2587,0.2526,NA,NA,NA,NA,NA,NA,-,0.868,N-mt,123,ETS
chr2,97019325,97174802,MTO1,0.232251397,42.34898672,30643,NA,NA,NA,2.72327,0.492937,1.1911,NA,NA,NA,-,1.16,N-mt,124,MISC
chr19,3790262,3794408,TRIT1,0.2553861,42.67245614,50897,NA,0.2758,0.2505,NA,NA,NA,0,1728,0,+,7,N-mt,125,MISC
chr1,128343738,128367636,MRPL50,0.213324324,38.17776027,15234,NA,NA,NA,0.351167,0.3305,0.248,NA,NA,NA,-,0.366,N-mt,126,MRP
chr3,65060582,65070941,COX6B1,0.3025,48.26709487,7473,NA,0.2037,0.1351,NA,NA,NA,NA,NA,NA,-,1.4,N-mt,127,ETS
chrX,10408906,10414725,ATP5F1B,0.0235,46.55693301,9599,-0.5037,0.3575,0.2699,0.4401,NA,NA,0,1728,0,-,1.54,N-mt,NA,ETS
chr3,123632012,123706689,COA5,0.048,50,228,NA,NA,NA,NA,NA,NA,NA,NA,NA,NA,NA,N-mt,NA,ETS
chr19,44005849,44013933,COX14,0.832,55.17241379,174,NA,NA,NA,0.25535,0.25535,0.55332,NA,NA,NA,NA,NA,N-mt,NA,ETS
chr16,14201877,14340635,COX6C,0.0022,44.25433526,4325,-0.5115,0.2939,0.2126,NA,NA,NA,0,1728,0,-,1.414,N-mt,NA,ETS
chr2,40841219,40843404,COX7B2,2.126,43.49593496,246,NA,NA,NA,NA,NA,NA,NA,NA,NA,-,0.092,N-mt,NA,ETS
chr3,34893908,34900232,COX7C,0.001,45.3125,192,NA,NA,NA,NA,NA,NA,NA,NA,NA,NA,NA,N-mt,NA,ETS
chr20,28708600,28711734,MRPL11,0.003,51.89642597,2742,0,0.2021,0.2785,NA,NA,NA,340,572,816,-,0.38,N-mt,NA,MRP
chr2,123751976,123752993,MRPL41,0.288,65.94202899,414,-0.5,0.4167,0.3083,NA,NA,NA,0,432,1296,-,1.792,N-mt,NA,MRP
chr11,55770183,55771398,MRPL42,0.254742105,40.36785478,33274,NA,0.1854,0.1474,NA,NA,NA,288,1440,0,-,0.172,N-mt,NA,MRP
chr6,148987449,148987976,MRPL51,0.004,46.46464646,99,NA,NA,NA,NA,NA,NA,NA,NA,NA,NA,NA,N-mt,NA,MRP
chr14,18431434,18436815,MRPL53,0.002,61.83486239,545,0,0.125,0.1875,NA,NA,NA,656,672,400,-,0.314,N-mt,NA,MRP
chr16,46525137,46530869,MRPL57,0.255,63.75404531,309,NA,NA,NA,NA,NA,NA,NA,NA,NA,-,0.504,N-mt,NA,MRP
chr1,90113453,90116030,NDUFA4,0.00376,37.49804535,6395,-0.0408,0.2026,0.247,NA,NA,NA,288,0,1440,-,0.334,N-mt,NA,ETS
chr9,125641180,125933243,NDUFB10,0.039782609,57.84129372,2659,-0.0166,0.2556,0.1819,NA,NA,NA,0,1728,0,-,3.82,N-mt,NA,ETS
chr19,33780907,33782733,NDUFS8,0.031,61.67883212,274,NA,NA,NA,NA,NA,NA,NA,NA,NA,NA,NA,N-mt,NA,ETS
chr6,1616621,1616933,SDHAF1,0.0065,74.71264368,348,0,0.0333,0.2,0,NA,2.55627,504,216,1008,-,0.404,N-mt,NA,ETS
chr16,17952586,17979175,PEX11B,0.232592593,44.18331375,5957,-0.1944,0.1041,0.2629,NA,NA,NA,0,1728,0,-,1.7,Nuclear,1,ETS
chr18,53484634,53497325,NUDT16,0.33525,55.47588005,1534,0,0.1399,0.1461,0.11775,0,0.0294417,984,708,36,-,0.186,Nuclear,2,ETS
chr14,70220156,70227645,DBNL,0.033333333,51.50560665,7937,-0.4321,0.1124,0.2906,0.531606,0.592272,0.352921,0,1728,0,+,3.94,Nuclear,3,ETS
chr14,9317482,9318697,ZNHIT2,0.204428571,67.73662551,1215,-0.2426,0.1181,0.1896,0.139967,0.104994,0.0445318,0,1728,0,+,6.9,Nuclear,4,ETS
chr4,110768808,110823056,RABEP1,0.601445087,41.5757307,103736,-0.1351,0.1467,0.1853,NA,NA,NA,NA,NA,NA,-,1.42,Nuclear,5,ETS
chr1,124863960,124884249,PNPO,0.107541667,51.2319124,5114,-0.2833,0.0988,0.1519,NA,NA,NA,768,960,0,-,1.66,Nuclear,6,ETS
chr1,136046028,136089351,NR2C2AP,0.143,57.03470032,1585,-0.5621,0.0614,0.1469,0.18095,NA,NA,144,1368,216,-,1.12,Nuclear,7,ETS
chr11,132370548,132387790,LHB,0.673705882,65.90909091,1012,0.092,0.2371,0.234,0.160267,0.0803167,0.321267,0,1512,216,-,0.74,Nuclear,8,ETS
chr20,3511832,3517908,ZNF597,0.181,43.120474,6076,-0.2175,0.1427,0.2255,NA,NA,NA,0,1728,0,-,2.92,Nuclear,9,ETS
chr1,135933648,135942056,DDOST,0.562151515,50.155521,9002,-0.2188,0.1362,0.17,NA,NA,NA,576,1152,0,+,5.24,Nuclear,10,ETS
chr13,104307276,104315449,LXN,0.001045455,36.7417082,5819,0,0.1036,0.09,NA,NA,NA,72,1656,0,-,0.86,Nuclear,11,ETS
chr14,109980784,109997620,IFRD2,0.002,59.47802198,728,0,0.0333,0.2042,0,0.110967,0.110192,320,768,640,-,0.142,Nuclear,12,ETS
chr4,95351985,95358635,C2H3orf14,0.200458333,34.89740612,12915,-0.3933,0.1231,0.1885,NA,0,NA,0,1728,0,-,0.314,Nuclear,13,ETS
chr8,22003053,22005046,GBX1,0.197078947,44.28107104,19383,-0.2186,0.1576,0.2197,NA,NA,NA,0,1728,0,-,3.04,Nuclear,14,ETS
chr7,41718480,41722964,MAMU-DMA,0.526342857,50.17612524,5110,-0.0931,0.2534,0.2556,0.444978,0.958863,0.690563,1512,186,30,-,0.92,Nuclear,15,ETS
chr10,209242,212151,MAT2B,0.081085714,39.45032547,15209,-0.3086,0.0979,0.2908,NA,NA,NA,0,1728,0,-,1.02,Nuclear,16,ETS
chr1,84711753,84729870,MRPS27,0.155388582,38.21453611,106975,-0.2278,0.1462,0.1702,NA,NA,NA,0,1728,0,+,12.16,Nuclear,17,ETS
chr4,85553031,85686484,MAK16,0.253927273,41.22632471,13569,-0.1047,0.1295,0.1628,NA,NA,0.67985,288,1152,288,-,0.32,Nuclear,18,ETS
chr9,91616520,91620966,ZNF518A,0.001071429,36.09986505,4446,-0.6111,0.0833,0.162,NA,NA,NA,0,1728,0,NA,NA,Nuclear,19,ETS
chr7,165888332,165893089,SMCO3,0.0026,43.06784661,678,0,0.0741,0.0972,NA,NA,NA,514,612,602,-,1.46,Nuclear,20,ETS
chr10,51312569,51316941,KBTBD4,0.004,48.93142539,5381,-0.322,0.0907,0.2794,NA,NA,NA,0,1728,0,-,0.5,Nuclear,21,ETS
chr19,28416603,28422869,KAT5,0.274263158,54.70541492,8809,-0.2845,0.0966,0.2133,NA,NA,NA,864,864,0,-,0.7,Nuclear,22,ETS
chr19,1413179,1417849,TNFSF15,0.083166667,42.96543749,15566,-0.1481,0.1482,0.1959,NA,NA,NA,0,1728,0,-,0.56,Nuclear,23,ETS
chr1,45919328,45930901,TULP2,0.58906383,51.07854438,6073,-0.0074,0.1193,0.2188,0,NA,0,NA,NA,NA,-,1.648,Nuclear,24,ETS
chr2,41781362,41787135,CD19,1.41074359,55.79376562,7603,-0.0705,0.1079,0.1211,,0.933167,0.290958,0,1728,0,+,7.24,Nuclear,25,ETS
chr3,149577450,149593619,AMELX,0.1,39.38821103,5819,-0.2405,0.1646,0.2882,NA,NA,NA,NA,NA,NA,-,0.36,Nuclear,26,ETS
chr6,74293821,74301727,GPR182,0.009,59.25925926,1215,-0.4061,0.1746,0.3095,NA,NA,NA,0,1728,0,-,0.6,Nuclear,27,ETS
chr19,18667112,18670921,MAP3K19,2.077330827,41.84435649,62656,-0.1074,0.1359,0.1665,NA,NA,NA,0,1728,0,NA,NA,Nuclear,28,ETS
chr19,44294561,44300634,STEAP2,0.255622951,34.29189858,12936,-0.7238,0.0891,0.3102,NA,NA,0.7618,0,1728,0,-,0.32,Nuclear,29,ETS
chr11,33830343,33841437,WDR45B,0.165986111,49.39499177,27355,0.165,0.164,0.1064,NA,NA,NA,0,72,1656,-,1.06,Nuclear,30,ETS
chr15,24591902,24607468,SERPINB2,0.813364706,40.91876133,12691,0.0479,0.1444,0.1412,NA,NA,NA,0,0,1728,-,1.02,Nuclear,31,ETS
chr13,11640659,11652387,FCHO1,0.902864151,49.95781238,39111,0.0342,0.2091,0.1507,1.59866,0.889845,1.34463,NA,NA,NA,-,1.7,Nuclear,32,ETS
chr10,18561663,18570092,INTS3,0.376986487,49.06268307,23898,-0.1639,0.169,0.1889,NA,NA,NA,0,1728,0,+,4.58,Nuclear,33,ETS
chr9,44044288,44328801,RHOB,0.209,63.11336717,591,0,0.5278,0.5104,NA,NA,NA,NA,NA,NA,NA,NA,Nuclear,34,ETS
chr6,58849325,58997791,ATP5PO,0.356761364,43.06188925,12280,-0.021,0.1596,0.1285,0.288233,0.144467,0.434233,0,288,1440,-,0.16,Nuclear,35,ETS
chr2,170566338,170567872,FZD7,0.222428571,68.24769433,2277,0,0.0887,0.2104,NA,NA,NA,NA,NA,NA,NA,NA,Nuclear,36,ETS
chr19,50603525,50604053,RPN1,0.175707602,46.36997779,25661,NA,0.1998,0.2012,NA,NA,NA,NA,NA,NA,+,4.32,Nuclear,37,ETS
chr6,176619431,176619665,MGMT,0.991023589,45.83257722,292063,-0.2331,0.1372,0.1984,NA,NA,NA,0,1728,0,-,1.44,Nuclear,38,ETS
chr1,123428834,123434791,KDM4D,0.001375,53.4351145,1572,-0.107,0.0972,0.1901,NA,0.416533,1.25321,240,960,528,-,0.76,Nuclear,39,ETS
chr6,130561160,130561859,TYMS,0.729955556,48.21474662,11623,-0.1106,0.1217,0.1532,NA,NA,NA,576,576,576,-,0.22,Nuclear,40,ETS
chr11,109004223,109025841,TMEM238,0.26,78.40909091,528,0,0.0333,0.5972,NA,NA,NA,NA,NA,NA,NA,NA,Nuclear,41,ETS
chr1,39108934,39159831,SH2D1A,0.1,37.12302947,23344,-0.1043,0.1942,0.2099,NA,NA,NA,NA,NA,NA,-,0.55,Nuclear,42,ETS
chr2,22528776,22530051,SMARCE1,0.290777778,38.24089754,9448,-0.1975,0.1158,0.2195,NA,NA,NA,0,1728,0,-,1.76,Nuclear,43,ETS
chr1,15716094,15749833,NOL12,0.400661017,55.27823997,5409,0.0249,0.2635,0.2336,NA,NA,NA,720,0,1008,-,1.52,Nuclear,44,ETS
chr19,31930695,31931043,NEFL,0.175454546,45.91520165,3868,-0.1575,0.0915,0.1367,NA,NA,NA,0,1728,0,-,2.6,Nuclear,45,ETS
chr3,103733856,103746792,PHF7,0.220819672,44.93843484,12101,-0.1379,0.2487,0.2108,NA,NA,NA,0,1728,0,NA,3.84,Nuclear,46,ETS
chr16,75735953,75740582,IRGM,0.501,49.90512334,527,-0.5267,0.1061,0.1428,NA,NA,NA,288,1392,48,-,0.476,Nuclear,47,ETS
chr4,87437059,87483296,NAE1,0.162836066,41.29356614,29438,-0.3423,0.1686,0.2789,NA,NA,NA,NA,NA,NA,-,2.82,Nuclear,48,ETS
chr14,87802704,87860422,NUDT18,0.1245,62.41846463,1993,-0.4217,0.0625,0.1455,NA,0.488483,0.468947,0,1728,0,-,1,Nuclear,49,ETS
chr18,64304523,64313532,RGS19,0.064923077,62.28944655,2909,-0.3912,0.109,0.1582,NA,NA,NA,0,1728,0,-,0.04,Nuclear,50,MRP
chr14,104975910,104977375,RPF1,0.138456522,37.20262737,18117,-0.313,0.1083,0.2236,NA,NA,NA,0,1728,0,-,2.48,Nuclear,51,MRP
chr16,5186617,5290353,LRRC8D,0.001,42.29724486,2577,-0.2456,0.1667,0.2271,NA,NA,NA,288,1440,0,-,3.4,Nuclear,52,MRP
chr20,68709100,68747011,OR6N1,0.718,49.73375932,939,-0.1339,0.0764,0.0573,1.11872,1.97153,0.996022,480,1056,192,-,3.34,Nuclear,53,MRP
chr15,51380383,51399449,CNR2,0.0478,56.50969529,1083,0,0.1111,0.1288,NA,NA,NA,840,348,540,+,7.9,Nuclear,54,MRP
chr10,79677476,79682885,FAIM,0.55831579,41.58271043,12308,-0.4381,0.0746,0.2017,NA,NA,NA,0,1728,0,-,0.578,Nuclear,55,MRP
chr20,20544313,20574368,TSEN2,0.170164835,43.20580475,42448,-0.1515,0.1464,0.1588,0.586818,0.722305,0.693572,0,1728,0,-,1.92,Nuclear,56,MRP
chr2,93356244,93357268,BAIAP2L1,0.314355932,47.36531998,74677,-0.3028,0.1376,0.2457,1.7595,1.60899,2.09206,0,1728,0,+,5.68,Nuclear,57,MRP
chr1,120206683,120320946,VIP,0.186555556,34.37374144,4966,-0.1737,0.1373,0.1761,NA,NA,0.5432,240,1200,288,-,0.91,Nuclear,58,MRP
chr14,113068835,113086654,GFRA3,0.469520661,46.94408917,21892,0.0978,0.1779,0.2154,0.0803061,0.158803,0.189082,NA,NA,NA,-,0.6,Nuclear,59,MRP
chr14,18425964,18431294,DHRS1,0.162740741,48.03227809,8055,-0.1046,0.2185,0.1983,NA,NA,NA,0,1728,0,-,1.44,Nuclear,60,MRP
chr20,22289730,22300260,AP3M2,0.072659574,39.39058937,14473,0.0709,0.1567,0.1313,NA,NA,NA,360,72,1296,-,0.62,Nuclear,61,MRP
chr2,63420964,63444362,SNX16,0.15248,34.52584506,38015,-0.2479,0.1065,0.1485,NA,NA,NA,0,1728,0,-,0.32,Nuclear,62,MRP
chr1,134646755,134648467,PJVK,0.327407407,38.17198112,8687,-0.1424,0.1587,0.174,0.195396,0.267016,0.337055,0,1728,0,+,6.9,Nuclear,63,MRP
chr10,88533456,88556187,SNRPG,0.148472222,39.65223321,11732,-0.2109,0.0766,0.2368,NA,NA,NA,0,1728,0,-,0.416,Nuclear,64,MRP
chr1,223120721,223147058,RANBP2,0.163116279,38.17447694,8173,-0.2223,0.078,0.2343,NA,NA,NA,NA,NA,NA,-,1.048,Nuclear,65,MRP
chr13,19507184,19507664,NTSR2,0.639730769,50.34106412,11728,-0.0749,0.122,0.2258,NA,NA,NA,288,1440,0,-,1.34,Nuclear,66,MRP
chr13,24272081,24280173,OAF,1.402292683,55.5698973,17819,0.0061,0.1589,0.1589,NA,0.245983,0.351283,0,0,1728,-,2.92,Nuclear,67,MRP
chrX,147768171,147770563,MS4A8,5.277963636,45.11909263,13225,-0.2247,0.1516,0.1996,NA,NA,0,0,1728,0,-,0.18,Nuclear,68,MRP
chr14,11635613,11635979,TMPRSS5,0.617710526,49.66592428,6286,-0.173,0.1226,0.1732,NA,NA,NA,0,1584,144,+,6.7,Nuclear,69,MRP
chr14,8133762,8138123,YIF1A,0.327388889,57.80784224,4361,-0.728,0.1077,0.3181,NA,NA,0.86705,0,1728,0,-,0.78,Nuclear,70,MRP
chrX,118136401,118159745,OR56A4,0.001,49.71910112,1068,0,0.2635,0.0833,0.548573,0.720924,0.440925,408,432,888,-,1.8,Nuclear,71,MRP
chr14,2763569,2764028,KRT24,0.131954546,44.50453594,5732,0,0.1548,0.0953,NA,NA,NA,1512,216,0,+,10.7,Nuclear,72,MRP
chr12,65535790,65544477,KRT39,0.57255,42.29421008,8273,-0.0264,0.1302,0.1996,0.809857,0.819078,0.901942,576,864,288,+,4.84,Nuclear,73,MRP
chr13,71363785,71375517,PCYT2,0.146088235,63.66385828,4629,-0.4782,0.0757,0.2652,0.236106,,0.393783,0,1728,0,-,2.46,Nuclear,74,MRP
chr4,68670680,68693024,NME1,0.007785714,47.66747734,4523,0.02,0.2166,0.1453,NA,NA,NA,0,0,1728,-,1.628,Nuclear,75,MRP
chr1,164784311,164796402,REX1BD,1.463269231,58.36177474,3809,-0.3081,0.1272,0.2744,NA,NA,NA,0,1728,0,-,1.648,Nuclear,76,MRP
chr8,93573607,93585316,CA11,0.195885714,52.11528946,8084,NA,0.2171,0.2478,0.45575,0.195183,0.195183,NA,NA,NA,-,0.46,Nuclear,77,MRP
chr16,38366116,38370639,ELOF1,0.008909091,59.19220056,1436,0.0479,0.2284,0.1264,0.28265,0.462836,0.143669,1080,0,648,-,2.638,Nuclear,78,MRP
chr18,8836983,8848606,TAGLN2,0.62525,54.61448598,1712,-0.1223,0.1991,0.2833,0,,0,0,1728,0,-,1.38,Nuclear,79,MTS
chr14,6606050,6606324,DRAM2,0.047461538,34.98632011,14620,-0.2173,0.1474,0.1976,NA,NA,NA,0,1728,0,-,0.36,Nuclear,80,MTS
chr14,12995392,13013507,NFASC,0.454452343,50.70069369,78565,0.0097,0.1669,0.1557,NA,NA,NA,0,0,1728,-,0.46,Nuclear,81,MTS
chr8,94885039,94888140,TRANK1,0.395281195,43.05324388,116558,-0.1734,0.1555,0.1927,NA,NA,NA,0,1728,0,NA,NA,Nuclear,82,MTS
chr16,41965533,41970647,LAMA2,0.655408212,35.8984806,495787,-0.1938,0.1366,0.1759,NA,NA,NA,0,1728,0,NA,NA,Nuclear,83,MTS
chr13,20436582,20437173,MED20,0.211351852,47.27488152,15192,-0.1823,0.1724,0.2612,NA,NA,NA,0,1728,0,-,0.48,Nuclear,84,MTS
chr19,19306791,19308376,FAM135A,0.120136546,35.75731571,116530,-0.2221,0.1315,0.201,NA,NA,NA,0,1728,0,+,6.96,Nuclear,85,MTS
chr16,46452150,46461598,OTP,0.044823529,46.71135846,7906,0.0517,0.2585,0.1943,NA,NA,NA,0,0,1728,-,2.94,Nuclear,86,MTS
chr2,89786621,89798722,KLHL42,0.758311111,43.8762355,11635,0.0348,0.157,0.1971,1.02392,0.7497,0.996208,288,0,1440,-,1.82,Nuclear,87,MTS
chr11,56020573,56022095,ALOX5AP,1.425396373,46.46064448,45432,-0.0021,0.1677,0.1914,NA,NA,NA,288,1440,0,-,2.88,Nuclear,88,MTS
chr1,133493530,133494469,GPR160,0.00775,33.52999017,1017,0,0.1364,0.0909,NA,NA,NA,108,672,948,-,0.08,Nuclear,89,MISC
chr19,18206829,18212725,LRRC57,0.001375,41.61784588,4438,-0.033,0.0595,0.0842,NA,NA,0.152033,108,744,876,-,2.14,Nuclear,90,MISC
chr19,2315047,2315631,RASL12,0.096894737,54.21498662,4484,-0.0375,0.112,0.1566,0.255809,0.116983,0.181027,1152,96,480,-,3.5,Nuclear,91,MISC
chr4,134748844,134780665,VCP,0.034875,47.08668877,14777,-0.6258,0.0645,0.3485,NA,NA,NA,0,1728,0,-,2.2,Nuclear,92,MISC
chr2,49727796,49753457,MSL1,0.033652174,45.85568992,12487,-0.0941,0.1239,0.1498,NA,NA,NA,NA,NA,NA,-,2.06,Nuclear,93,MISC
chr6,1619327,1634169,DIPK2A,0.146926829,36.78499722,23409,-0.0946,0.2211,0.1939,NA,NA,NA,0,1512,216,-,0.36,Nuclear,94,MISC
chr2,113626444,113644795,CIRBP,0.314763158,63.15451745,7792,-0.255,0.1021,0.2213,NA,NA,NA,0,1728,0,-,0.06,Nuclear,95,MISC
chr1,54430957,54432385,INPP5B,0.969126316,45.95400499,26829,-0.6279,0.0743,0.2823,NA,NA,NA,NA,NA,NA,+,5.22,Nuclear,96,MISC
chr14,106550480,106556766,RRAGD,0.357318436,43.51060839,46237,-0.2684,0.0902,0.1901,NA,NA,NA,0,1728,0,-,0.84,Nuclear,97,MISC
chr7,122960061,122965198,SMC6,0.197723005,36.16089561,78784,-0.0264,0.1813,0.1702,NA,NA,NA,NA,NA,NA,+,4.5,Nuclear,98,MISC
chr8,24971779,24975647,EDN3,1.148559524,48.91433924,23488,-0.2136,0.1224,0.2347,NA,NA,NA,0,1728,0,-,1.58,Nuclear,99,MISC
chr2,53872780,53915228,SREBF1,0.539684211,57.27180413,26589,-0.1033,0.1757,0.2081,0.588252,0.710133,1.06925,0,1728,0,NA,NA,Nuclear,100,MISC
chr4,29368450,29390674,SF3B6,0.209392857,42.49876421,8092,-0.1785,0.1887,0.2765,NA,NA,NA,0,1728,0,-,1.132,Nuclear,101,MISC
chr20,1944147,1946806,CCDC71,0.016,60,1425,NA,0.3333,0.3,NA,NA,NA,NA,NA,NA,NA,NA,Nuclear,102,MTS
chr19,14596397,14602195,CTF1,0.17025,54.33950223,3134,NA,NA,NA,NA,NA,NA,0,0,1728,-,0.44,Nuclear,103,MRP
chr9,96104258,96109894,CYFIP1,0.625482759,50.57736721,4330,0.0023,0.2173,0.1959,NA,NA,NA,NA,NA,NA,-,1.248,Nuclear,104,MRP
chr11,97236125,97236875,E2F7,0.506642487,40.37484117,40924,-0.135,0.1977,0.1908,NA,NA,NA,0,1728,0,+,6.68,Nuclear,105,ETS
chr1,161563791,161642356,ELMSAN1,0.391642857,50.87446915,21899,-0.3251,0.2479,0.2409,NA,0.844183,0.482083,0,1728,0,-,1,Nuclear,106,ETS
chr14,60746049,60747117,GIPR,0.258215909,48.89728199,14827,NA,0.1809,0.1896,NA,NA,NA,NA,NA,NA,-,0.3,Nuclear,107,MTS
chr13,56616898,56627245,LGR4,0.237341253,39.38730648,106448,-0.1844,0.1925,0.1912,1.14668,0.885382,1.05681,0,1728,0,+,6.3,Nuclear,108,MTS
chr13,61740652,61820861,LMO4,0.278477273,40.83954492,12745,-0.3141,0.2686,0.2555,NA,NA,NA,0,1728,0,-,0.932,Nuclear,109,ETS
chr19,34659768,34676421,NCF2,0.534082677,47.14144131,35315,-0.0281,0.2113,0.1914,0.665983,0.866983,0.53375,0,1728,0,-,2.1,Nuclear,110,MTS
chr13,17615191,17693975,PAFAH1B2,0.048729167,42.95557139,16836,NA,0.214,0.2633,NA,NA,NA,NA,NA,NA,-,0.74,Nuclear,111,ETS
chr11,15480544,15481222,PCIF1,0.166055556,54.348084,8429,-0.2973,0.2753,0.2784,NA,NA,NA,0,1728,0,-,1.76,Nuclear,112,ETS
chr16,57201849,57209446,PHLDA2,0.303,69.93464052,459,NA,0.1667,0.1667,NA,NA,NA,NA,NA,NA,NA,NA,Nuclear,113,ETS
chr1,188990641,189001041,RAB3A,2.234777778,51.59430122,5896,NA,NA,NA,NA,NA,NA,NA,NA,NA,-,1.72,Nuclear,114,ETS
chrX,95539417,95569438,RMND5B,0.054333333,62.39316239,234,NA,NA,NA,0.15235,0.15235,0.15235,576,768,384,-,3.552,Nuclear,115,MRP
chr2,40659725,40684036,RPL10,NA,51.29598662,2392,-0.287,0.4502,0.3453,NA,NA,NA,0,1728,0,-,0.554,Nuclear,116,ETS
chr2,105861486,105978044,SESN3,0.230413223,34.71360754,57718,-0.4237,0.232,0.2177,NA,NA,1.35365,0,1728,0,-,3.16,Nuclear,117,MRP
chr15,46254776,46269211,SLC38A8,0.322505495,52.2618765,37911,-0.0458,0.1902,0.2255,0.8462,0.920895,0.960044,0,1728,0,-,2.08,Nuclear,118,MTS
chr1,9240488,9386058,TEX35,0.505386364,45.99038462,10400,0.0491,0.1691,0.1589,NA,NA,0,0,0,1728,-,1.98,Nuclear,119,ETS
chr2,93840814,93852211,TRIM27,0.522217054,44.55093593,22224,-0.0797,0.2507,0.2099,NA,NA,NA,0,1152,576,+,4.44,Nuclear,120,ETS
chr1,77761671,77807803,UBE4B,0.320235624,43.49522566,145570,NA,0.2337,0.2154,NA,NA,1.91282,NA,NA,NA,NA,NA,Nuclear,121,MTS
chr15,49221238,49236015,UNG,0.187723881,46.05421408,21618,NA,0.2703,0.2577,NA,NA,NA,NA,NA,NA,-,2.42,Nuclear,122,MISC
chr4,113436181,113441147,USP33,0.064545455,38.24243475,46132,-0.2691,0.2371,0.2286,NA,NA,NA,0,1728,0,-,3.36,Nuclear,123,ETS
chr16,76520898,76548253,VNN1,0.218141975,38.87998492,31821,0.0367,0.2701,0.2563,NA,NA,NA,1728,0,0,-,2.24,Nuclear,124,MISC
chr1,39569357,39615733,ZMPSTE24,0.199588235,39.0827152,46376,NA,NA,NA,NA,NA,NA,NA,NA,NA,-,0.36,Nuclear,125,MISC
chr15,45139413,45156134,ZNF658,0.268380952,38.36493033,16721,-0.1705,0.2117,0.221,NA,NA,NA,0,1152,576,+,14.88,Nuclear,126,MRP
chr8,80062760,80100775,PDCD5,0.247228571,46.01021385,6266,0.0264,0.1216,0.1449,NA,NA,NA,96,768,864,-,1.126,Nuclear,127,ETS